شناسه محصول,نام محصول,دسته‌بندی,کارگردان,ژانر,امتیاز وزندار,تعداد امتیازها,تعداد نظرات,بازدید,دانلود,نام کاربر,ایمیل کاربر,امتیاز کاربر,نظر کاربر
64,Succession,سریال,جسی آرمسترانگ,درام,2.76,10,3,267,18,loginTest,,3,
64,Succession,سریال,جسی آرمسترانگ,درام,2.76,10,3,267,18,Ali741,ali741@example.com,5,
64,Succession,سریال,جسی آرمسترانگ,درام,2.76,10,3,267,18,Zahra47,zahra47@example.com,2,
64,Succession,سریال,جسی آرمسترانگ,درام,2.76,10,3,267,18,Fatemeh779,fatemeh779@example.com,3,
64,Succession,سریال,جسی آرمسترانگ,درام,2.76,10,3,267,18,Amir456,amir456@example.com,1,
64,Succession,سریال,جسی آرمسترانگ,درام,2.76,10,3,267,18,Maryam881,maryam881@example.com,4,
64,Succession,سریال,جسی آرمسترانگ,درام,2.76,10,3,267,18,Kaveh21,kaveh21@example.com,1,
64,Succession,سریال,جسی آرمسترانگ,درام,2.76,10,3,267,18,Pouria534,pouria534@example.com,5,
64,Succession,سریال,جسی آرمسترانگ,درام,2.76,10,3,267,18,Elham952,elham952@example.com,1,
64,Succession,سریال,جسی آرمسترانگ,درام,2.76,10,3,267,18,Behnam387,behnam387@example.com,2,
64,Succession,سریال,جسی آرمسترانگ,درام,2.76,10,3,267,18,Behnam387,behnam387@example.com,,صحنه‌های اکشن فوق‌العاده.
64,Succession,سریال,جسی آرمسترانگ,درام,2.76,10,3,267,18,Amir456,amir456@example.com,,نمی‌فهمم چرا اینقدر معروف شده!
64,Succession,سریال,جسی آرمسترانگ,درام,2.76,10,3,267,18,Mohammad363,mohammad363@example.com,,حس و حال خاصی داشت، متفاوت بود.
65,Better Call Saul,سریال,وینس گیلیگان,"جنایی, درام",3.11,10,4,288,43,Reza572,reza572@example.com,4,
65,Better Call Saul,سریال,وینس گیلیگان,"جنایی, درام",3.11,10,4,288,43,Mohammad363,mohammad363@example.com,5,
65,Better Call Saul,سریال,وینس گیلیگان,"جنایی, درام",3.11,10,4,288,43,Neda911,neda911@example.com,1,
65,Better Call Saul,سریال,وینس گیلیگان,"جنایی, درام",3.11,10,4,288,43,Fatemeh779,fatemeh779@example.com,2,
65,Better Call Saul,سریال,وینس گیلیگان,"جنایی, درام",3.11,10,4,288,43,Amir456,amir456@example.com,4,
65,Better Call Saul,سریال,وینس گیلیگان,"جنایی, درام",3.11,10,4,288,43,Maryam881,maryam881@example.com,1,
65,Better Call Saul,سریال,وینس گیلیگان,"جنایی, درام",3.11,10,4,288,43,Kaveh21,kaveh21@example.com,5,
65,Better Call Saul,سریال,وینس گیلیگان,"جنایی, درام",3.11,10,4,288,43,Leyla445,leyla445@example.com,4,
65,Better Call Saul,سریال,وینس گیلیگان,"جنایی, درام",3.11,10,4,288,43,Niloofar373,niloofar373@example.com,2,
65,Better Call Saul,سریال,وینس گیلیگان,"جنایی, درام",3.11,10,4,288,43,Elham952,elham952@example.com,1,
65,Better Call Saul,سریال,وینس گیلیگان,"جنایی, درام",3.11,10,4,288,43,Behnam387,behnam387@example.com,,حتماً قسمت دوم را هم خواهم دید.
65,Better Call Saul,سریال,وینس گیلیگان,"جنایی, درام",3.11,10,4,288,43,Maryam881,maryam881@example.com,,وقت تلف کردن، اصلاً ارزش نداشت.
65,Better Call Saul,سریال,وینس گیلیگان,"جنایی, درام",3.11,10,4,288,43,Hossein94,hossein94@example.com,,تکرار مکررات، هیچ ایده جدیدی نداشت.
65,Better Call Saul,سریال,وینس گیلیگان,"جنایی, درام",3.11,10,4,288,43,Sara236,sara236@example.com,,چیزی که انتظار داشتم نبود.
66,Avatar: The Last Airbender,سریال,مایکل دانته دیمارتینو,"انیمیشن, ماجراجویی",2.83,10,4,289,48,Neda911,neda911@example.com,3,
66,Avatar: The Last Airbender,سریال,مایکل دانته دیمارتینو,"انیمیشن, ماجراجویی",2.83,10,4,289,48,Hossein94,hossein94@example.com,2,
66,Avatar: The Last Airbender,سریال,مایکل دانته دیمارتینو,"انیمیشن, ماجراجویی",2.83,10,4,289,48,Zahra47,zahra47@example.com,2,
66,Avatar: The Last Airbender,سریال,مایکل دانته دیمارتینو,"انیمیشن, ماجراجویی",2.83,10,4,289,48,Amir456,amir456@example.com,3,
66,Avatar: The Last Airbender,سریال,مایکل دانته دیمارتینو,"انیمیشن, ماجراجویی",2.83,10,4,289,48,Maryam881,maryam881@example.com,3,
66,Avatar: The Last Airbender,سریال,مایکل دانته دیمارتینو,"انیمیشن, ماجراجویی",2.83,10,4,289,48,Tara392,tara392@example.com,3,
66,Avatar: The Last Airbender,سریال,مایکل دانته دیمارتینو,"انیمیشن, ماجراجویی",2.83,10,4,289,48,Leyla445,leyla445@example.com,2,
66,Avatar: The Last Airbender,سریال,مایکل دانته دیمارتینو,"انیمیشن, ماجراجویی",2.83,10,4,289,48,Arman629,arman629@example.com,5,
66,Avatar: The Last Airbender,سریال,مایکل دانته دیمارتینو,"انیمیشن, ماجراجویی",2.83,10,4,289,48,Niloofar373,niloofar373@example.com,3,
66,Avatar: The Last Airbender,سریال,مایکل دانته دیمارتینو,"انیمیشن, ماجراجویی",2.83,10,4,289,48,Behnam387,behnam387@example.com,2,
66,Avatar: The Last Airbender,سریال,مایکل دانته دیمارتینو,"انیمیشن, ماجراجویی",2.83,10,4,289,48,Maryam881,maryam881@example.com,,تکنیکال عالی، داستان متوسط.
66,Avatar: The Last Airbender,سریال,مایکل دانته دیمارتینو,"انیمیشن, ماجراجویی",2.83,10,4,289,48,Amir456,amir456@example.com,,بد نبود، اما می‌توانست بهتر باشد.
66,Avatar: The Last Airbender,سریال,مایکل دانته دیمارتینو,"انیمیشن, ماجراجویی",2.83,10,4,289,48,Neda911,neda911@example.com,,دیالوگ‌ها بسیار قوی و ماندگار.
66,Avatar: The Last Airbender,سریال,مایکل دانته دیمارتینو,"انیمیشن, ماجراجویی",2.83,10,4,289,48,loginTest,,,از همان دقیقه اول جذبم کرد.
67,Fargo,سریال,نواه هاولی,"جنایی, درام",3.11,9,3,253,36,Reza572,reza572@example.com,5,
67,Fargo,سریال,نواه هاولی,"جنایی, درام",3.11,9,3,253,36,Sara236,sara236@example.com,1,
67,Fargo,سریال,نواه هاولی,"جنایی, درام",3.11,9,3,253,36,Neda911,neda911@example.com,1,
67,Fargo,سریال,نواه هاولی,"جنایی, درام",3.11,9,3,253,36,Mahdi175,mahdi175@example.com,5,
67,Fargo,سریال,نواه هاولی,"جنایی, درام",3.11,9,3,253,36,Fatemeh779,fatemeh779@example.com,3,
67,Fargo,سریال,نواه هاولی,"جنایی, درام",3.11,9,3,253,36,Maryam881,maryam881@example.com,2,
67,Fargo,سریال,نواه هاولی,"جنایی, درام",3.11,9,3,253,36,Saman76,saman76@example.com,2,
67,Fargo,سریال,نواه هاولی,"جنایی, درام",3.11,9,3,253,36,Tara392,tara392@example.com,4,
67,Fargo,سریال,نواه هاولی,"جنایی, درام",3.11,9,3,253,36,Leyla445,leyla445@example.com,5,
67,Fargo,سریال,نواه هاولی,"جنایی, درام",3.11,9,3,253,36,Zahra47,zahra47@example.com,,جزو بهترین‌هایی بود که دیدم!
67,Fargo,سریال,نواه هاولی,"جنایی, درام",3.11,9,3,253,36,Hossein94,hossein94@example.com,,به هیچ وجه پیشنهاد نمی‌کنم.
67,Fargo,سریال,نواه هاولی,"جنایی, درام",3.11,9,3,253,36,Sara236,sara236@example.com,,موسیقی متن فوق‌العاده بود.
61,Dark,سریال,باران بو اودار,"علمی-تخیلی, معمایی",3.37,14,4,314,60,Tuser,,4,
61,Dark,سریال,باران بو اودار,"علمی-تخیلی, معمایی",3.37,14,4,314,60,loginTest,,4,
61,Dark,سریال,باران بو اودار,"علمی-تخیلی, معمایی",3.37,14,4,314,60,Ali741,ali741@example.com,1,
61,Dark,سریال,باران بو اودار,"علمی-تخیلی, معمایی",3.37,14,4,314,60,Neda911,neda911@example.com,5,
61,Dark,سریال,باران بو اودار,"علمی-تخیلی, معمایی",3.37,14,4,314,60,Hossein94,hossein94@example.com,4,
61,Dark,سریال,باران بو اودار,"علمی-تخیلی, معمایی",3.37,14,4,314,60,Zahra47,zahra47@example.com,1,
61,Dark,سریال,باران بو اودار,"علمی-تخیلی, معمایی",3.37,14,4,314,60,Mahdi175,mahdi175@example.com,5,
61,Dark,سریال,باران بو اودار,"علمی-تخیلی, معمایی",3.37,14,4,314,60,Fatemeh779,fatemeh779@example.com,2,
61,Dark,سریال,باران بو اودار,"علمی-تخیلی, معمایی",3.37,14,4,314,60,Amir456,amir456@example.com,2,
61,Dark,سریال,باران بو اودار,"علمی-تخیلی, معمایی",3.37,14,4,314,60,Maryam881,maryam881@example.com,4,
61,Dark,سریال,باران بو اودار,"علمی-تخیلی, معمایی",3.37,14,4,314,60,Kaveh21,kaveh21@example.com,5,
61,Dark,سریال,باران بو اودار,"علمی-تخیلی, معمایی",3.37,14,4,314,60,Niloofar373,niloofar373@example.com,2,
61,Dark,سریال,باران بو اودار,"علمی-تخیلی, معمایی",3.37,14,4,314,60,Pouria534,pouria534@example.com,5,
61,Dark,سریال,باران بو اودار,"علمی-تخیلی, معمایی",3.37,14,4,314,60,Elham952,elham952@example.com,1,
61,Dark,سریال,باران بو اودار,"علمی-تخیلی, معمایی",3.37,14,4,314,60,Niloofar373,niloofar373@example.com,,دیالوگ‌ها بسیار قوی و ماندگار.
61,Dark,سریال,باران بو اودار,"علمی-تخیلی, معمایی",3.37,14,4,314,60,Tara392,tara392@example.com,,نمی‌فهمم چرا اینقدر معروف شده!
61,Dark,سریال,باران بو اودار,"علمی-تخیلی, معمایی",3.37,14,4,314,60,Reza572,reza572@example.com,,بد نبود، اما می‌توانست بهتر باشد.
61,Dark,سریال,باران بو اودار,"علمی-تخیلی, معمایی",3.37,14,4,314,60,loginTest,,,دیالوگ‌ها بسیار قوی و ماندگار.
62,Peaky Blinders,سریال,استیون نایت,"جنایی, درام",2.59,9,6,293,26,Tuser,,2,
62,Peaky Blinders,سریال,استیون نایت,"جنایی, درام",2.59,9,6,293,26,Ali741,ali741@example.com,3,
62,Peaky Blinders,سریال,استیون نایت,"جنایی, درام",2.59,9,6,293,26,Hossein94,hossein94@example.com,4,
62,Peaky Blinders,سریال,استیون نایت,"جنایی, درام",2.59,9,6,293,26,Mahdi175,mahdi175@example.com,4,
62,Peaky Blinders,سریال,استیون نایت,"جنایی, درام",2.59,9,6,293,26,Amir456,amir456@example.com,1,
62,Peaky Blinders,سریال,استیون نایت,"جنایی, درام",2.59,9,6,293,26,Maryam881,maryam881@example.com,3,
62,Peaky Blinders,سریال,استیون نایت,"جنایی, درام",2.59,9,6,293,26,Kaveh21,kaveh21@example.com,1,
62,Peaky Blinders,سریال,استیون نایت,"جنایی, درام",2.59,9,6,293,26,Leyla445,leyla445@example.com,1,
62,Peaky Blinders,سریال,استیون نایت,"جنایی, درام",2.59,9,6,293,26,Niloofar373,niloofar373@example.com,5,
62,Peaky Blinders,سریال,استیون نایت,"جنایی, درام",2.59,9,6,293,26,Pouria534,pouria534@example.com,,کارگردانی خوب، بازیگری عالی.
62,Peaky Blinders,سریال,استیون نایت,"جنایی, درام",2.59,9,6,293,26,Niloofar373,niloofar373@example.com,,جزو بهترین‌هایی بود که دیدم!
62,Peaky Blinders,سریال,استیون نایت,"جنایی, درام",2.59,9,6,293,26,Fatemeh779,fatemeh779@example.com,,بازیگر اصلی عالی بود، بقیه معمولی.
62,Peaky Blinders,سریال,استیون نایت,"جنایی, درام",2.59,9,6,293,26,Sara236,sara236@example.com,,فیلمنامه ضعیف، بازیگری خوب.
62,Peaky Blinders,سریال,استیون نایت,"جنایی, درام",2.59,9,6,293,26,loginTest,,,فیلم فوق‌العاده‌ای بود! حتماً ببینید.
62,Peaky Blinders,سریال,استیون نایت,"جنایی, درام",2.59,9,6,293,26,Tuser,,,وقت تلف کردن، اصلاً ارزش نداشت.
63,The Last of Us,سریال,کریگ مازین,"اکشن, درام",3.08,8,3,225,25,Ali741,ali741@example.com,2,
63,The Last of Us,سریال,کریگ مازین,"اکشن, درام",3.08,8,3,225,25,Neda911,neda911@example.com,1,
63,The Last of Us,سریال,کریگ مازین,"اکشن, درام",3.08,8,3,225,25,Mahdi175,mahdi175@example.com,4,
63,The Last of Us,سریال,کریگ مازین,"اکشن, درام",3.08,8,3,225,25,Amir456,amir456@example.com,5,
63,The Last of Us,سریال,کریگ مازین,"اکشن, درام",3.08,8,3,225,25,Tara392,tara392@example.com,1,
63,The Last of Us,سریال,کریگ مازین,"اکشن, درام",3.08,8,3,225,25,Kaveh21,kaveh21@example.com,5,
63,The Last of Us,سریال,کریگ مازین,"اکشن, درام",3.08,8,3,225,25,Niloofar373,niloofar373@example.com,5,
63,The Last of Us,سریال,کریگ مازین,"اکشن, درام",3.08,8,3,225,25,Behnam387,behnam387@example.com,1,
63,The Last of Us,سریال,کریگ مازین,"اکشن, درام",3.08,8,3,225,25,Saman76,saman76@example.com,,پایان‌بندی عجیبی داشت، سردرگم شدم!
63,The Last of Us,سریال,کریگ مازین,"اکشن, درام",3.08,8,3,225,25,Amir456,amir456@example.com,,حس و حال خاصی داشت، متفاوت بود.
63,The Last of Us,سریال,کریگ مازین,"اکشن, درام",3.08,8,3,225,25,Zahra47,zahra47@example.com,,بازیگر اصلی عالی بود، بقیه معمولی.
60,Sherlock,سریال,استیون موفات,"جنایی, درام",3.49,6,1,185,16,Neda911,neda911@example.com,5,
60,Sherlock,سریال,استیون موفات,"جنایی, درام",3.49,6,1,185,16,Amir456,amir456@example.com,3,
60,Sherlock,سریال,استیون موفات,"جنایی, درام",3.49,6,1,185,16,Saman76,saman76@example.com,3,
60,Sherlock,سریال,استیون موفات,"جنایی, درام",3.49,6,1,185,16,Pouria534,pouria534@example.com,4,
60,Sherlock,سریال,استیون موفات,"جنایی, درام",3.49,6,1,185,16,Elham952,elham952@example.com,5,
60,Sherlock,سریال,استیون موفات,"جنایی, درام",3.49,6,1,185,16,Behnam387,behnam387@example.com,2,
60,Sherlock,سریال,استیون موفات,"جنایی, درام",3.49,6,1,185,16,Amir456,amir456@example.com,,فیلم فوق‌العاده‌ای بود! حتماً ببینید.
57,The Mandalorian,سریال,جان فاورو,"اکشن, ماجراجویی",2.98,13,3,303,55,loginTest,,1,
57,The Mandalorian,سریال,جان فاورو,"اکشن, ماجراجویی",2.98,13,3,303,55,Ali741,ali741@example.com,3,
57,The Mandalorian,سریال,جان فاورو,"اکشن, ماجراجویی",2.98,13,3,303,55,Reza572,reza572@example.com,2,
57,The Mandalorian,سریال,جان فاورو,"اکشن, ماجراجویی",2.98,13,3,303,55,Mohammad363,mohammad363@example.com,5,
57,The Mandalorian,سریال,جان فاورو,"اکشن, ماجراجویی",2.98,13,3,303,55,Sara236,sara236@example.com,1,
57,The Mandalorian,سریال,جان فاورو,"اکشن, ماجراجویی",2.98,13,3,303,55,Zahra47,zahra47@example.com,4,
57,The Mandalorian,سریال,جان فاورو,"اکشن, ماجراجویی",2.98,13,3,303,55,Mahdi175,mahdi175@example.com,5,
57,The Mandalorian,سریال,جان فاورو,"اکشن, ماجراجویی",2.98,13,3,303,55,Fatemeh779,fatemeh779@example.com,1,
57,The Mandalorian,سریال,جان فاورو,"اکشن, ماجراجویی",2.98,13,3,303,55,Saman76,saman76@example.com,3,
57,The Mandalorian,سریال,جان فاورو,"اکشن, ماجراجویی",2.98,13,3,303,55,Kaveh21,kaveh21@example.com,1,
57,The Mandalorian,سریال,جان فاورو,"اکشن, ماجراجویی",2.98,13,3,303,55,Niloofar373,niloofar373@example.com,1,
57,The Mandalorian,سریال,جان فاورو,"اکشن, ماجراجویی",2.98,13,3,303,55,Pouria534,pouria534@example.com,5,
57,The Mandalorian,سریال,جان فاورو,"اکشن, ماجراجویی",2.98,13,3,303,55,Behnam387,behnam387@example.com,4,
57,The Mandalorian,سریال,جان فاورو,"اکشن, ماجراجویی",2.98,13,3,303,55,Saman76,saman76@example.com,,قسمت اول بهتر از این بود.
57,The Mandalorian,سریال,جان فاورو,"اکشن, ماجراجویی",2.98,13,3,303,55,Mohammad363,mohammad363@example.com,,حتماً قسمت دوم را هم خواهم دید.
57,The Mandalorian,سریال,جان فاورو,"اکشن, ماجراجویی",2.98,13,3,303,55,Tuser,,,پایان‌بندی عجیبی داشت، سردرگم شدم!
58,House of the Dragon,سریال,رایان کاندال,"اکشن, درام",2.86,6,4,223,12,Hossein94,hossein94@example.com,3,
58,House of the Dragon,سریال,رایان کاندال,"اکشن, درام",2.86,6,4,223,12,Zahra47,zahra47@example.com,3,
58,House of the Dragon,سریال,رایان کاندال,"اکشن, درام",2.86,6,4,223,12,Amir456,amir456@example.com,1,
58,House of the Dragon,سریال,رایان کاندال,"اکشن, درام",2.86,6,4,223,12,Arman629,arman629@example.com,4,
58,House of the Dragon,سریال,رایان کاندال,"اکشن, درام",2.86,6,4,223,12,Niloofar373,niloofar373@example.com,5,
58,House of the Dragon,سریال,رایان کاندال,"اکشن, درام",2.86,6,4,223,12,Behnam387,behnam387@example.com,2,
58,House of the Dragon,سریال,رایان کاندال,"اکشن, درام",2.86,6,4,223,12,Behnam387,behnam387@example.com,,بر اساس کتاب بود؟ کتاب خیلی بهتر بود.
58,House of the Dragon,سریال,رایان کاندال,"اکشن, درام",2.86,6,4,223,12,Saman76,saman76@example.com,,بازیگر اصلی عالی بود، بقیه معمولی.
58,House of the Dragon,سریال,رایان کاندال,"اکشن, درام",2.86,6,4,223,12,Fatemeh779,fatemeh779@example.com,,حتماً قسمت دوم را هم خواهم دید.
58,House of the Dragon,سریال,رایان کاندال,"اکشن, درام",2.86,6,4,223,12,Hossein94,hossein94@example.com,,وقت تلف کردن، اصلاً ارزش نداشت.
59,The Boys,سریال,اریک کرپک,"اکشن, کمدی",2.72,9,3,248,16,loginTest,,1,
59,The Boys,سریال,اریک کرپک,"اکشن, کمدی",2.72,9,3,248,16,Reza572,reza572@example.com,4,
59,The Boys,سریال,اریک کرپک,"اکشن, کمدی",2.72,9,3,248,16,Neda911,neda911@example.com,2,
59,The Boys,سریال,اریک کرپک,"اکشن, کمدی",2.72,9,3,248,16,Hossein94,hossein94@example.com,4,
59,The Boys,سریال,اریک کرپک,"اکشن, کمدی",2.72,9,3,248,16,Zahra47,zahra47@example.com,1,
59,The Boys,سریال,اریک کرپک,"اکشن, کمدی",2.72,9,3,248,16,Amir456,amir456@example.com,2,
59,The Boys,سریال,اریک کرپک,"اکشن, کمدی",2.72,9,3,248,16,Saman76,saman76@example.com,2,
59,The Boys,سریال,اریک کرپک,"اکشن, کمدی",2.72,9,3,248,16,Tara392,tara392@example.com,5,
59,The Boys,سریال,اریک کرپک,"اکشن, کمدی",2.72,9,3,248,16,Behnam387,behnam387@example.com,2,
59,The Boys,سریال,اریک کرپک,"اکشن, کمدی",2.72,9,3,248,16,Behnam387,behnam387@example.com,,شاهکار! بدون شک جزو بهترین‌هاست.
59,The Boys,سریال,اریک کرپک,"اکشن, کمدی",2.72,9,3,248,16,Pouria534,pouria534@example.com,,فیلم فوق‌العاده‌ای بود! حتماً ببینید.
59,The Boys,سریال,اریک کرپک,"اکشن, کمدی",2.72,9,3,248,16,Leyla445,leyla445@example.com,,به هیچ وجه پیشنهاد نمی‌کنم.
56,Black Mirror,سریال,چارلی بروکر,"علمی-تخیلی, دلهره‌آور",3.02,12,3,301,27,Mohammad363,mohammad363@example.com,4,
56,Black Mirror,سریال,چارلی بروکر,"علمی-تخیلی, دلهره‌آور",3.02,12,3,301,27,Neda911,neda911@example.com,1,
56,Black Mirror,سریال,چارلی بروکر,"علمی-تخیلی, دلهره‌آور",3.02,12,3,301,27,Zahra47,zahra47@example.com,2,
56,Black Mirror,سریال,چارلی بروکر,"علمی-تخیلی, دلهره‌آور",3.02,12,3,301,27,Mahdi175,mahdi175@example.com,5,
56,Black Mirror,سریال,چارلی بروکر,"علمی-تخیلی, دلهره‌آور",3.02,12,3,301,27,Fatemeh779,fatemeh779@example.com,3,
56,Black Mirror,سریال,چارلی بروکر,"علمی-تخیلی, دلهره‌آور",3.02,12,3,301,27,Maryam881,maryam881@example.com,2,
56,Black Mirror,سریال,چارلی بروکر,"علمی-تخیلی, دلهره‌آور",3.02,12,3,301,27,Saman76,saman76@example.com,5,
56,Black Mirror,سریال,چارلی بروکر,"علمی-تخیلی, دلهره‌آور",3.02,12,3,301,27,Tara392,tara392@example.com,3,
56,Black Mirror,سریال,چارلی بروکر,"علمی-تخیلی, دلهره‌آور",3.02,12,3,301,27,Kaveh21,kaveh21@example.com,1,
56,Black Mirror,سریال,چارلی بروکر,"علمی-تخیلی, دلهره‌آور",3.02,12,3,301,27,Leyla445,leyla445@example.com,4,
56,Black Mirror,سریال,چارلی بروکر,"علمی-تخیلی, دلهره‌آور",3.02,12,3,301,27,Niloofar373,niloofar373@example.com,3,
56,Black Mirror,سریال,چارلی بروکر,"علمی-تخیلی, دلهره‌آور",3.02,12,3,301,27,Elham952,elham952@example.com,3,
56,Black Mirror,سریال,چارلی بروکر,"علمی-تخیلی, دلهره‌آور",3.02,12,3,301,27,Pouria534,pouria534@example.com,,فیلم فوق‌العاده‌ای بود! حتماً ببینید.
56,Black Mirror,سریال,چارلی بروکر,"علمی-تخیلی, دلهره‌آور",3.02,12,3,301,27,Zahra47,zahra47@example.com,,برای یک بار دیدن خوبه.
56,Black Mirror,سریال,چارلی بروکر,"علمی-تخیلی, دلهره‌آور",3.02,12,3,301,27,Sara236,sara236@example.com,,بر اساس کتاب بود؟ کتاب خیلی بهتر بود.
53,The Wire,سریال,دیوید سایمون,"جنایی, درام",3.15,6,2,187,10,loginTest,,5,
53,The Wire,سریال,دیوید سایمون,"جنایی, درام",3.15,6,2,187,10,Reza572,reza572@example.com,5,
53,The Wire,سریال,دیوید سایمون,"جنایی, درام",3.15,6,2,187,10,Mohammad363,mohammad363@example.com,2,
53,The Wire,سریال,دیوید سایمون,"جنایی, درام",3.15,6,2,187,10,Sara236,sara236@example.com,4,
53,The Wire,سریال,دیوید سایمون,"جنایی, درام",3.15,6,2,187,10,Neda911,neda911@example.com,2,
53,The Wire,سریال,دیوید سایمون,"جنایی, درام",3.15,6,2,187,10,Amir456,amir456@example.com,2,
53,The Wire,سریال,دیوید سایمون,"جنایی, درام",3.15,6,2,187,10,Leyla445,leyla445@example.com,,به هیچ وجه پیشنهاد نمی‌کنم.
53,The Wire,سریال,دیوید سایمون,"جنایی, درام",3.15,6,2,187,10,Ali741,ali741@example.com,,حس و حال خاصی داشت، متفاوت بود.
54,Stranger Things,سریال,دافر برادران,"علمی-تخیلی, درام",2.96,6,2,197,15,Tuser,,4,
54,Stranger Things,سریال,دافر برادران,"علمی-تخیلی, درام",2.96,6,2,197,15,Reza572,reza572@example.com,3,
54,Stranger Things,سریال,دافر برادران,"علمی-تخیلی, درام",2.96,6,2,197,15,Neda911,neda911@example.com,3,
54,Stranger Things,سریال,دافر برادران,"علمی-تخیلی, درام",2.96,6,2,197,15,Kaveh21,kaveh21@example.com,4,
54,Stranger Things,سریال,دافر برادران,"علمی-تخیلی, درام",2.96,6,2,197,15,Leyla445,leyla445@example.com,2,
54,Stranger Things,سریال,دافر برادران,"علمی-تخیلی, درام",2.96,6,2,197,15,Behnam387,behnam387@example.com,1,
54,Stranger Things,سریال,دافر برادران,"علمی-تخیلی, درام",2.96,6,2,197,15,Zahra47,zahra47@example.com,,خیلی طولانی بود، خسته‌کننده.
54,Stranger Things,سریال,دافر برادران,"علمی-تخیلی, درام",2.96,6,2,197,15,Reza572,reza572@example.com,,بد نبود، اما می‌توانست بهتر باشد.
55,The Crown,سریال,پیتر مورگان,"بیوگرافی, درام",3.29,9,2,237,46,loginTest,,4,
55,The Crown,سریال,پیتر مورگان,"بیوگرافی, درام",3.29,9,2,237,46,Ali741,ali741@example.com,2,
55,The Crown,سریال,پیتر مورگان,"بیوگرافی, درام",3.29,9,2,237,46,Reza572,reza572@example.com,5,
55,The Crown,سریال,پیتر مورگان,"بیوگرافی, درام",3.29,9,2,237,46,Neda911,neda911@example.com,4,
55,The Crown,سریال,پیتر مورگان,"بیوگرافی, درام",3.29,9,2,237,46,Hossein94,hossein94@example.com,5,
55,The Crown,سریال,پیتر مورگان,"بیوگرافی, درام",3.29,9,2,237,46,Mahdi175,mahdi175@example.com,4,
55,The Crown,سریال,پیتر مورگان,"بیوگرافی, درام",3.29,9,2,237,46,Amir456,amir456@example.com,1,
55,The Crown,سریال,پیتر مورگان,"بیوگرافی, درام",3.29,9,2,237,46,Leyla445,leyla445@example.com,2,
55,The Crown,سریال,پیتر مورگان,"بیوگرافی, درام",3.29,9,2,237,46,Niloofar373,niloofar373@example.com,4,
55,The Crown,سریال,پیتر مورگان,"بیوگرافی, درام",3.29,9,2,237,46,Kaveh21,kaveh21@example.com,,بازیگر اصلی عالی بود، بقیه معمولی.
55,The Crown,سریال,پیتر مورگان,"بیوگرافی, درام",3.29,9,2,237,46,Sara236,sara236@example.com,,بازیگری عالی بود، داستان جذاب.
49,Game of Thrones,سریال,"دیوید بنیاف, دی. بی. وایس","اکشن, ماجراجویی",3.03,5,6,196,22,Zahra47,zahra47@example.com,4,
49,Game of Thrones,سریال,"دیوید بنیاف, دی. بی. وایس","اکشن, ماجراجویی",3.03,5,6,196,22,Mahdi175,mahdi175@example.com,2,
49,Game of Thrones,سریال,"دیوید بنیاف, دی. بی. وایس","اکشن, ماجراجویی",3.03,5,6,196,22,Tara392,tara392@example.com,2,
49,Game of Thrones,سریال,"دیوید بنیاف, دی. بی. وایس","اکشن, ماجراجویی",3.03,5,6,196,22,Niloofar373,niloofar373@example.com,5,
49,Game of Thrones,سریال,"دیوید بنیاف, دی. بی. وایس","اکشن, ماجراجویی",3.03,5,6,196,22,Behnam387,behnam387@example.com,3,
49,Game of Thrones,سریال,"دیوید بنیاف, دی. بی. وایس","اکشن, ماجراجویی",3.03,5,6,196,22,Behnam387,behnam387@example.com,,ارزش دیدن دارد، اما نه بیشتر.
49,Game of Thrones,سریال,"دیوید بنیاف, دی. بی. وایس","اکشن, ماجراجویی",3.03,5,6,196,22,Arman629,arman629@example.com,,قسمت اول بهتر از این بود.
49,Game of Thrones,سریال,"دیوید بنیاف, دی. بی. وایس","اکشن, ماجراجویی",3.03,5,6,196,22,Zahra47,zahra47@example.com,,خیلی طولانی بود، خسته‌کننده.
49,Game of Thrones,سریال,"دیوید بنیاف, دی. بی. وایس","اکشن, ماجراجویی",3.03,5,6,196,22,Sara236,sara236@example.com,,فیلم فوق‌العاده‌ای بود! حتماً ببینید.
49,Game of Thrones,سریال,"دیوید بنیاف, دی. بی. وایس","اکشن, ماجراجویی",3.03,5,6,196,22,Ali741,ali741@example.com,,برای یک بار دیدن خوبه.
49,Game of Thrones,سریال,"دیوید بنیاف, دی. بی. وایس","اکشن, ماجراجویی",3.03,5,6,196,22,loginTest,,,قسمت اول بهتر از این بود.
50,Chernobyl,سریال,یوهان رنک,"درام, تاریخی",2.79,9,6,271,40,Tuser,,3,
50,Chernobyl,سریال,یوهان رنک,"درام, تاریخی",2.79,9,6,271,40,Ali741,ali741@example.com,5,
50,Chernobyl,سریال,یوهان رنک,"درام, تاریخی",2.79,9,6,271,40,Zahra47,zahra47@example.com,4,
50,Chernobyl,سریال,یوهان رنک,"درام, تاریخی",2.79,9,6,271,40,Mahdi175,mahdi175@example.com,2,
50,Chernobyl,سریال,یوهان رنک,"درام, تاریخی",2.79,9,6,271,40,Fatemeh779,fatemeh779@example.com,3,
50,Chernobyl,سریال,یوهان رنک,"درام, تاریخی",2.79,9,6,271,40,Tara392,tara392@example.com,2,
50,Chernobyl,سریال,یوهان رنک,"درام, تاریخی",2.79,9,6,271,40,Arman629,arman629@example.com,3,
50,Chernobyl,سریال,یوهان رنک,"درام, تاریخی",2.79,9,6,271,40,Niloofar373,niloofar373@example.com,1,
50,Chernobyl,سریال,یوهان رنک,"درام, تاریخی",2.79,9,6,271,40,Pouria534,pouria534@example.com,2,
50,Chernobyl,سریال,یوهان رنک,"درام, تاریخی",2.79,9,6,271,40,Leyla445,leyla445@example.com,,بازیگر اصلی عالی بود، بقیه معمولی.
50,Chernobyl,سریال,یوهان رنک,"درام, تاریخی",2.79,9,6,271,40,Zahra47,zahra47@example.com,,بد نبود، اما می‌توانست بهتر باشد.
50,Chernobyl,سریال,یوهان رنک,"درام, تاریخی",2.79,9,6,271,40,Hossein94,hossein94@example.com,,وقت تلف کردن، اصلاً ارزش نداشت.
50,Chernobyl,سریال,یوهان رنک,"درام, تاریخی",2.79,9,6,271,40,Ali741,ali741@example.com,,بازیگر نقش منفی عالی بود.
50,Chernobyl,سریال,یوهان رنک,"درام, تاریخی",2.79,9,6,271,40,loginTest,,,تکنیکال عالی، داستان متوسط.
50,Chernobyl,سریال,یوهان رنک,"درام, تاریخی",2.79,9,6,271,40,Tuser,,,پایان‌بندی عجیبی داشت، سردرگم شدم!
51,The Sopranos,سریال,دیوید چیس,"جنایی, درام",2.61,10,1,236,17,Ali741,ali741@example.com,3,
51,The Sopranos,سریال,دیوید چیس,"جنایی, درام",2.61,10,1,236,17,Reza572,reza572@example.com,2,
51,The Sopranos,سریال,دیوید چیس,"جنایی, درام",2.61,10,1,236,17,Mahdi175,mahdi175@example.com,1,
51,The Sopranos,سریال,دیوید چیس,"جنایی, درام",2.61,10,1,236,17,Fatemeh779,fatemeh779@example.com,3,
51,The Sopranos,سریال,دیوید چیس,"جنایی, درام",2.61,10,1,236,17,Amir456,amir456@example.com,2,
51,The Sopranos,سریال,دیوید چیس,"جنایی, درام",2.61,10,1,236,17,Saman76,saman76@example.com,5,
51,The Sopranos,سریال,دیوید چیس,"جنایی, درام",2.61,10,1,236,17,Leyla445,leyla445@example.com,2,
51,The Sopranos,سریال,دیوید چیس,"جنایی, درام",2.61,10,1,236,17,Arman629,arman629@example.com,2,
51,The Sopranos,سریال,دیوید چیس,"جنایی, درام",2.61,10,1,236,17,Niloofar373,niloofar373@example.com,4,
51,The Sopranos,سریال,دیوید چیس,"جنایی, درام",2.61,10,1,236,17,Elham952,elham952@example.com,1,
51,The Sopranos,سریال,دیوید چیس,"جنایی, درام",2.61,10,1,236,17,Zahra47,zahra47@example.com,,چیزی که انتظار داشتم نبود.
52,Band of Brothers,سریال,"تام هنکس, استیون اسپیلبرگ","جنگ, درام",3.02,9,4,234,21,loginTest,,4,
52,Band of Brothers,سریال,"تام هنکس, استیون اسپیلبرگ","جنگ, درام",3.02,9,4,234,21,Ali741,ali741@example.com,2,
52,Band of Brothers,سریال,"تام هنکس, استیون اسپیلبرگ","جنگ, درام",3.02,9,4,234,21,Mohammad363,mohammad363@example.com,5,
52,Band of Brothers,سریال,"تام هنکس, استیون اسپیلبرگ","جنگ, درام",3.02,9,4,234,21,Sara236,sara236@example.com,3,
52,Band of Brothers,سریال,"تام هنکس, استیون اسپیلبرگ","جنگ, درام",3.02,9,4,234,21,Hossein94,hossein94@example.com,2,
52,Band of Brothers,سریال,"تام هنکس, استیون اسپیلبرگ","جنگ, درام",3.02,9,4,234,21,Fatemeh779,fatemeh779@example.com,1,
52,Band of Brothers,سریال,"تام هنکس, استیون اسپیلبرگ","جنگ, درام",3.02,9,4,234,21,Saman76,saman76@example.com,1,
52,Band of Brothers,سریال,"تام هنکس, استیون اسپیلبرگ","جنگ, درام",3.02,9,4,234,21,Niloofar373,niloofar373@example.com,4,
52,Band of Brothers,سریال,"تام هنکس, استیون اسپیلبرگ","جنگ, درام",3.02,9,4,234,21,Behnam387,behnam387@example.com,5,
52,Band of Brothers,سریال,"تام هنکس, استیون اسپیلبرگ","جنگ, درام",3.02,9,4,234,21,Leyla445,leyla445@example.com,,تکرار مکررات، هیچ ایده جدیدی نداشت.
52,Band of Brothers,سریال,"تام هنکس, استیون اسپیلبرگ","جنگ, درام",3.02,9,4,234,21,Amir456,amir456@example.com,,پایان‌بندی عجیبی داشت، سردرگم شدم!
52,Band of Brothers,سریال,"تام هنکس, استیون اسپیلبرگ","جنگ, درام",3.02,9,4,234,21,Hossein94,hossein94@example.com,,جزو بهترین‌هایی بود که دیدم!
52,Band of Brothers,سریال,"تام هنکس, استیون اسپیلبرگ","جنگ, درام",3.02,9,4,234,21,Neda911,neda911@example.com,,جزو بهترین‌هایی بود که دیدم!
48,Breaking Bad,سریال,وینس گیلیگان,"جنایی, درام",3.21,7,1,181,17,Tuser,,3,
48,Breaking Bad,سریال,وینس گیلیگان,"جنایی, درام",3.21,7,1,181,17,Mohammad363,mohammad363@example.com,3,
48,Breaking Bad,سریال,وینس گیلیگان,"جنایی, درام",3.21,7,1,181,17,Amir456,amir456@example.com,5,
48,Breaking Bad,سریال,وینس گیلیگان,"جنایی, درام",3.21,7,1,181,17,Tara392,tara392@example.com,1,
48,Breaking Bad,سریال,وینس گیلیگان,"جنایی, درام",3.21,7,1,181,17,Kaveh21,kaveh21@example.com,3,
48,Breaking Bad,سریال,وینس گیلیگان,"جنایی, درام",3.21,7,1,181,17,Arman629,arman629@example.com,5,
48,Breaking Bad,سریال,وینس گیلیگان,"جنایی, درام",3.21,7,1,181,17,Niloofar373,niloofar373@example.com,4,
48,Breaking Bad,سریال,وینس گیلیگان,"جنایی, درام",3.21,7,1,181,17,Reza572,reza572@example.com,,بازیگر نقش منفی عالی بود.
47,Cinema Paradiso,فیلم,جوزپه تورناتوره,درام,3.16,14,3,297,30,Tuser,,3,
47,Cinema Paradiso,فیلم,جوزپه تورناتوره,درام,3.16,14,3,297,30,loginTest,,2,
47,Cinema Paradiso,فیلم,جوزپه تورناتوره,درام,3.16,14,3,297,30,Reza572,reza572@example.com,3,
47,Cinema Paradiso,فیلم,جوزپه تورناتوره,درام,3.16,14,3,297,30,Mohammad363,mohammad363@example.com,5,
47,Cinema Paradiso,فیلم,جوزپه تورناتوره,درام,3.16,14,3,297,30,Neda911,neda911@example.com,1,
47,Cinema Paradiso,فیلم,جوزپه تورناتوره,درام,3.16,14,3,297,30,Fatemeh779,fatemeh779@example.com,5,
47,Cinema Paradiso,فیلم,جوزپه تورناتوره,درام,3.16,14,3,297,30,Amir456,amir456@example.com,1,
47,Cinema Paradiso,فیلم,جوزپه تورناتوره,درام,3.16,14,3,297,30,Saman76,saman76@example.com,2,
47,Cinema Paradiso,فیلم,جوزپه تورناتوره,درام,3.16,14,3,297,30,Tara392,tara392@example.com,5,
47,Cinema Paradiso,فیلم,جوزپه تورناتوره,درام,3.16,14,3,297,30,Kaveh21,kaveh21@example.com,3,
47,Cinema Paradiso,فیلم,جوزپه تورناتوره,درام,3.16,14,3,297,30,Leyla445,leyla445@example.com,3,
47,Cinema Paradiso,فیلم,جوزپه تورناتوره,درام,3.16,14,3,297,30,Arman629,arman629@example.com,5,
47,Cinema Paradiso,فیلم,جوزپه تورناتوره,درام,3.16,14,3,297,30,Niloofar373,niloofar373@example.com,2,
47,Cinema Paradiso,فیلم,جوزپه تورناتوره,درام,3.16,14,3,297,30,Pouria534,pouria534@example.com,5,
47,Cinema Paradiso,فیلم,جوزپه تورناتوره,درام,3.16,14,3,297,30,Elham952,elham952@example.com,,فیلم فوق‌العاده‌ای بود! حتماً ببینید.
47,Cinema Paradiso,فیلم,جوزپه تورناتوره,درام,3.16,14,3,297,30,Maryam881,maryam881@example.com,,جزو بهترین‌هایی بود که دیدم!
47,Cinema Paradiso,فیلم,جوزپه تورناتوره,درام,3.16,14,3,297,30,Fatemeh779,fatemeh779@example.com,,تکرار مکررات، هیچ ایده جدیدی نداشت.
43,Joker,فیلم,تاد فیلیپس,"جنایی, درام, دلهره‌آور",3.77,9,3,251,28,Neda911,neda911@example.com,4,
43,Joker,فیلم,تاد فیلیپس,"جنایی, درام, دلهره‌آور",3.77,9,3,251,28,Mahdi175,mahdi175@example.com,3,
43,Joker,فیلم,تاد فیلیپس,"جنایی, درام, دلهره‌آور",3.77,9,3,251,28,Amir456,amir456@example.com,3,
43,Joker,فیلم,تاد فیلیپس,"جنایی, درام, دلهره‌آور",3.77,9,3,251,28,Maryam881,maryam881@example.com,5,
43,Joker,فیلم,تاد فیلیپس,"جنایی, درام, دلهره‌آور",3.77,9,3,251,28,Leyla445,leyla445@example.com,5,
43,Joker,فیلم,تاد فیلیپس,"جنایی, درام, دلهره‌آور",3.77,9,3,251,28,Arman629,arman629@example.com,3,
43,Joker,فیلم,تاد فیلیپس,"جنایی, درام, دلهره‌آور",3.77,9,3,251,28,Niloofar373,niloofar373@example.com,5,
43,Joker,فیلم,تاد فیلیپس,"جنایی, درام, دلهره‌آور",3.77,9,3,251,28,Pouria534,pouria534@example.com,5,
43,Joker,فیلم,تاد فیلیپس,"جنایی, درام, دلهره‌آور",3.77,9,3,251,28,Behnam387,behnam387@example.com,2,
43,Joker,فیلم,تاد فیلیپس,"جنایی, درام, دلهره‌آور",3.77,9,3,251,28,Arman629,arman629@example.com,,قسمت اول بهتر از این بود.
43,Joker,فیلم,تاد فیلیپس,"جنایی, درام, دلهره‌آور",3.77,9,3,251,28,Ali741,ali741@example.com,,حس و حال خاصی داشت، متفاوت بود.
43,Joker,فیلم,تاد فیلیپس,"جنایی, درام, دلهره‌آور",3.77,9,3,251,28,loginTest,,,وقت تلف کردن، اصلاً ارزش نداشت.
44,1917,فیلم,سم مندس,"درام, جنگ",3.26,10,1,226,39,Reza572,reza572@example.com,3,
44,1917,فیلم,سم مندس,"درام, جنگ",3.26,10,1,226,39,Mohammad363,mohammad363@example.com,3,
44,1917,فیلم,سم مندس,"درام, جنگ",3.26,10,1,226,39,Neda911,neda911@example.com,4,
44,1917,فیلم,سم مندس,"درام, جنگ",3.26,10,1,226,39,Hossein94,hossein94@example.com,3,
44,1917,فیلم,سم مندس,"درام, جنگ",3.26,10,1,226,39,Mahdi175,mahdi175@example.com,4,
44,1917,فیلم,سم مندس,"درام, جنگ",3.26,10,1,226,39,Fatemeh779,fatemeh779@example.com,4,
44,1917,فیلم,سم مندس,"درام, جنگ",3.26,10,1,226,39,Amir456,amir456@example.com,2,
44,1917,فیلم,سم مندس,"درام, جنگ",3.26,10,1,226,39,Maryam881,maryam881@example.com,3,
44,1917,فیلم,سم مندس,"درام, جنگ",3.26,10,1,226,39,Niloofar373,niloofar373@example.com,5,
44,1917,فیلم,سم مندس,"درام, جنگ",3.26,10,1,226,39,Elham952,elham952@example.com,3,
44,1917,فیلم,سم مندس,"درام, جنگ",3.26,10,1,226,39,loginTest,,,جزو بهترین‌هایی بود که دیدم!
45,Your Name (Kimi no Na wa),فیلم,ماکوتو شینکای,"انیمیشن, درام, عاشقانه",3.15,10,1,235,41,Reza572,reza572@example.com,3,
45,Your Name (Kimi no Na wa),فیلم,ماکوتو شینکای,"انیمیشن, درام, عاشقانه",3.15,10,1,235,41,Zahra47,zahra47@example.com,4,
45,Your Name (Kimi no Na wa),فیلم,ماکوتو شینکای,"انیمیشن, درام, عاشقانه",3.15,10,1,235,41,Mahdi175,mahdi175@example.com,4,
45,Your Name (Kimi no Na wa),فیلم,ماکوتو شینکای,"انیمیشن, درام, عاشقانه",3.15,10,1,235,41,Amir456,amir456@example.com,5,
45,Your Name (Kimi no Na wa),فیلم,ماکوتو شینکای,"انیمیشن, درام, عاشقانه",3.15,10,1,235,41,Maryam881,maryam881@example.com,1,
45,Your Name (Kimi no Na wa),فیلم,ماکوتو شینکای,"انیمیشن, درام, عاشقانه",3.15,10,1,235,41,Saman76,saman76@example.com,3,
45,Your Name (Kimi no Na wa),فیلم,ماکوتو شینکای,"انیمیشن, درام, عاشقانه",3.15,10,1,235,41,Tara392,tara392@example.com,4,
45,Your Name (Kimi no Na wa),فیلم,ماکوتو شینکای,"انیمیشن, درام, عاشقانه",3.15,10,1,235,41,Kaveh21,kaveh21@example.com,1,
45,Your Name (Kimi no Na wa),فیلم,ماکوتو شینکای,"انیمیشن, درام, عاشقانه",3.15,10,1,235,41,Arman629,arman629@example.com,3,
45,Your Name (Kimi no Na wa),فیلم,ماکوتو شینکای,"انیمیشن, درام, عاشقانه",3.15,10,1,235,41,Niloofar373,niloofar373@example.com,4,
45,Your Name (Kimi no Na wa),فیلم,ماکوتو شینکای,"انیمیشن, درام, عاشقانه",3.15,10,1,235,41,Elham952,elham952@example.com,,شاهکار! بدون شک جزو بهترین‌هاست.
46,Come and See,فیلم,الم کلیموف,"درام, جنگ",3.28,11,5,296,26,Reza572,reza572@example.com,3,
46,Come and See,فیلم,الم کلیموف,"درام, جنگ",3.28,11,5,296,26,Mohammad363,mohammad363@example.com,4,
46,Come and See,فیلم,الم کلیموف,"درام, جنگ",3.28,11,5,296,26,Sara236,sara236@example.com,5,
46,Come and See,فیلم,الم کلیموف,"درام, جنگ",3.28,11,5,296,26,Fatemeh779,fatemeh779@example.com,3,
46,Come and See,فیلم,الم کلیموف,"درام, جنگ",3.28,11,5,296,26,Amir456,amir456@example.com,2,
46,Come and See,فیلم,الم کلیموف,"درام, جنگ",3.28,11,5,296,26,Maryam881,maryam881@example.com,5,
46,Come and See,فیلم,الم کلیموف,"درام, جنگ",3.28,11,5,296,26,Tara392,tara392@example.com,2,
46,Come and See,فیلم,الم کلیموف,"درام, جنگ",3.28,11,5,296,26,Leyla445,leyla445@example.com,4,
46,Come and See,فیلم,الم کلیموف,"درام, جنگ",3.28,11,5,296,26,Niloofar373,niloofar373@example.com,2,
46,Come and See,فیلم,الم کلیموف,"درام, جنگ",3.28,11,5,296,26,Elham952,elham952@example.com,3,
46,Come and See,فیلم,الم کلیموف,"درام, جنگ",3.28,11,5,296,26,Behnam387,behnam387@example.com,2,
46,Come and See,فیلم,الم کلیموف,"درام, جنگ",3.28,11,5,296,26,Niloofar373,niloofar373@example.com,,چیزی که انتظار داشتم نبود.
46,Come and See,فیلم,الم کلیموف,"درام, جنگ",3.28,11,5,296,26,Leyla445,leyla445@example.com,,بد نبود، اما می‌توانست بهتر باشد.
46,Come and See,فیلم,الم کلیموف,"درام, جنگ",3.28,11,5,296,26,Ali741,ali741@example.com,,پایان‌بندی عجیبی داشت، سردرگم شدم!
46,Come and See,فیلم,الم کلیموف,"درام, جنگ",3.28,11,5,296,26,loginTest,,,صحنه‌های اکشن فوق‌العاده.
46,Come and See,فیلم,الم کلیموف,"درام, جنگ",3.28,11,5,296,26,Tuser,,,دکور و لباس‌ها حرفه‌ای بود.
40,Dune: Part Two,فیلم,دنی ویلنوو,"اکشن, ماجراجویی, درام",2.12,7,4,223,14,Mohammad363,mohammad363@example.com,1,
40,Dune: Part Two,فیلم,دنی ویلنوو,"اکشن, ماجراجویی, درام",2.12,7,4,223,14,Fatemeh779,fatemeh779@example.com,1,
40,Dune: Part Two,فیلم,دنی ویلنوو,"اکشن, ماجراجویی, درام",2.12,7,4,223,14,Amir456,amir456@example.com,1,
40,Dune: Part Two,فیلم,دنی ویلنوو,"اکشن, ماجراجویی, درام",2.12,7,4,223,14,Tara392,tara392@example.com,1,
40,Dune: Part Two,فیلم,دنی ویلنوو,"اکشن, ماجراجویی, درام",2.12,7,4,223,14,Niloofar373,niloofar373@example.com,3,
40,Dune: Part Two,فیلم,دنی ویلنوو,"اکشن, ماجراجویی, درام",2.12,7,4,223,14,Elham952,elham952@example.com,5,
40,Dune: Part Two,فیلم,دنی ویلنوو,"اکشن, ماجراجویی, درام",2.12,7,4,223,14,Behnam387,behnam387@example.com,2,
40,Dune: Part Two,فیلم,دنی ویلنوو,"اکشن, ماجراجویی, درام",2.12,7,4,223,14,Zahra47,zahra47@example.com,,داستان جذاب و غیرقابل پیش‌بینی.
40,Dune: Part Two,فیلم,دنی ویلنوو,"اکشن, ماجراجویی, درام",2.12,7,4,223,14,Sara236,sara236@example.com,,از همان دقیقه اول جذبم کرد.
40,Dune: Part Two,فیلم,دنی ویلنوو,"اکشن, ماجراجویی, درام",2.12,7,4,223,14,Mohammad363,mohammad363@example.com,,به هیچ وجه پیشنهاد نمی‌کنم.
40,Dune: Part Two,فیلم,دنی ویلنوو,"اکشن, ماجراجویی, درام",2.12,7,4,223,14,Tuser,,,تکنیکال عالی، داستان متوسط.
41,Spider-Man: Across the Spider-Verse,فیلم,"خواکیم دوس سانتوس, کم پاورز, جاستین کی. تامپسون","انیمیشن, اکشن, ماجراجویی",2.45,6,4,191,10,Tuser,,2,
41,Spider-Man: Across the Spider-Verse,فیلم,"خواکیم دوس سانتوس, کم پاورز, جاستین کی. تامپسون","انیمیشن, اکشن, ماجراجویی",2.45,6,4,191,10,Ali741,ali741@example.com,5,
41,Spider-Man: Across the Spider-Verse,فیلم,"خواکیم دوس سانتوس, کم پاورز, جاستین کی. تامپسون","انیمیشن, اکشن, ماجراجویی",2.45,6,4,191,10,Hossein94,hossein94@example.com,2,
41,Spider-Man: Across the Spider-Verse,فیلم,"خواکیم دوس سانتوس, کم پاورز, جاستین کی. تامپسون","انیمیشن, اکشن, ماجراجویی",2.45,6,4,191,10,Zahra47,zahra47@example.com,2,
41,Spider-Man: Across the Spider-Verse,فیلم,"خواکیم دوس سانتوس, کم پاورز, جاستین کی. تامپسون","انیمیشن, اکشن, ماجراجویی",2.45,6,4,191,10,Leyla445,leyla445@example.com,1,
41,Spider-Man: Across the Spider-Verse,فیلم,"خواکیم دوس سانتوس, کم پاورز, جاستین کی. تامپسون","انیمیشن, اکشن, ماجراجویی",2.45,6,4,191,10,Arman629,arman629@example.com,2,
41,Spider-Man: Across the Spider-Verse,فیلم,"خواکیم دوس سانتوس, کم پاورز, جاستین کی. تامپسون","انیمیشن, اکشن, ماجراجویی",2.45,6,4,191,10,Elham952,elham952@example.com,,قسمت اول بهتر از این بود.
41,Spider-Man: Across the Spider-Verse,فیلم,"خواکیم دوس سانتوس, کم پاورز, جاستین کی. تامپسون","انیمیشن, اکشن, ماجراجویی",2.45,6,4,191,10,Hossein94,hossein94@example.com,,وقت تلف کردن، اصلاً ارزش نداشت.
41,Spider-Man: Across the Spider-Verse,فیلم,"خواکیم دوس سانتوس, کم پاورز, جاستین کی. تامپسون","انیمیشن, اکشن, ماجراجویی",2.45,6,4,191,10,Reza572,reza572@example.com,,بر اساس کتاب بود؟ کتاب خیلی بهتر بود.
41,Spider-Man: Across the Spider-Verse,فیلم,"خواکیم دوس سانتوس, کم پاورز, جاستین کی. تامپسون","انیمیشن, اکشن, ماجراجویی",2.45,6,4,191,10,loginTest,,,برای یک بار دیدن خوبه.
42,The Father,فیلم,فلوریان زلر,"درام, معمایی",3.23,9,5,262,38,Tuser,,2,
42,The Father,فیلم,فلوریان زلر,"درام, معمایی",3.23,9,5,262,38,Neda911,neda911@example.com,4,
42,The Father,فیلم,فلوریان زلر,"درام, معمایی",3.23,9,5,262,38,Zahra47,zahra47@example.com,5,
42,The Father,فیلم,فلوریان زلر,"درام, معمایی",3.23,9,5,262,38,Mahdi175,mahdi175@example.com,3,
42,The Father,فیلم,فلوریان زلر,"درام, معمایی",3.23,9,5,262,38,Fatemeh779,fatemeh779@example.com,2,
42,The Father,فیلم,فلوریان زلر,"درام, معمایی",3.23,9,5,262,38,Tara392,tara392@example.com,2,
42,The Father,فیلم,فلوریان زلر,"درام, معمایی",3.23,9,5,262,38,Kaveh21,kaveh21@example.com,4,
42,The Father,فیلم,فلوریان زلر,"درام, معمایی",3.23,9,5,262,38,Niloofar373,niloofar373@example.com,2,
42,The Father,فیلم,فلوریان زلر,"درام, معمایی",3.23,9,5,262,38,Behnam387,behnam387@example.com,4,
42,The Father,فیلم,فلوریان زلر,"درام, معمایی",3.23,9,5,262,38,Elham952,elham952@example.com,,دیالوگ‌ها بسیار قوی و ماندگار.
42,The Father,فیلم,فلوریان زلر,"درام, معمایی",3.23,9,5,262,38,Fatemeh779,fatemeh779@example.com,,بد نبود، اما می‌توانست بهتر باشد.
42,The Father,فیلم,فلوریان زلر,"درام, معمایی",3.23,9,5,262,38,Mahdi175,mahdi175@example.com,,چیزی که انتظار داشتم نبود.
42,The Father,فیلم,فلوریان زلر,"درام, معمایی",3.23,9,5,262,38,Sara236,sara236@example.com,,دکور و لباس‌ها حرفه‌ای بود.
42,The Father,فیلم,فلوریان زلر,"درام, معمایی",3.23,9,5,262,38,Mohammad363,mohammad363@example.com,,تکرار مکررات، هیچ ایده جدیدی نداشت.
39,3 Idiots,فیلم,راجکومار هیرانی,"کمدی, درام",2.66,14,2,291,43,loginTest,,5,
39,3 Idiots,فیلم,راجکومار هیرانی,"کمدی, درام",2.66,14,2,291,43,Reza572,reza572@example.com,2,
39,3 Idiots,فیلم,راجکومار هیرانی,"کمدی, درام",2.66,14,2,291,43,Mohammad363,mohammad363@example.com,1,
39,3 Idiots,فیلم,راجکومار هیرانی,"کمدی, درام",2.66,14,2,291,43,Neda911,neda911@example.com,2,
39,3 Idiots,فیلم,راجکومار هیرانی,"کمدی, درام",2.66,14,2,291,43,Hossein94,hossein94@example.com,1,
39,3 Idiots,فیلم,راجکومار هیرانی,"کمدی, درام",2.66,14,2,291,43,Mahdi175,mahdi175@example.com,4,
39,3 Idiots,فیلم,راجکومار هیرانی,"کمدی, درام",2.66,14,2,291,43,Fatemeh779,fatemeh779@example.com,3,
39,3 Idiots,فیلم,راجکومار هیرانی,"کمدی, درام",2.66,14,2,291,43,Amir456,amir456@example.com,4,
39,3 Idiots,فیلم,راجکومار هیرانی,"کمدی, درام",2.66,14,2,291,43,Saman76,saman76@example.com,1,
39,3 Idiots,فیلم,راجکومار هیرانی,"کمدی, درام",2.66,14,2,291,43,Tara392,tara392@example.com,1,
39,3 Idiots,فیلم,راجکومار هیرانی,"کمدی, درام",2.66,14,2,291,43,Leyla445,leyla445@example.com,5,
39,3 Idiots,فیلم,راجکومار هیرانی,"کمدی, درام",2.66,14,2,291,43,Niloofar373,niloofar373@example.com,2,
39,3 Idiots,فیلم,راجکومار هیرانی,"کمدی, درام",2.66,14,2,291,43,Pouria534,pouria534@example.com,3,
39,3 Idiots,فیلم,راجکومار هیرانی,"کمدی, درام",2.66,14,2,291,43,Elham952,elham952@example.com,2,
39,3 Idiots,فیلم,راجکومار هیرانی,"کمدی, درام",2.66,14,2,291,43,Pouria534,pouria534@example.com,,فیلمنامه ضعیف، بازیگری خوب.
39,3 Idiots,فیلم,راجکومار هیرانی,"کمدی, درام",2.66,14,2,291,43,Kaveh21,kaveh21@example.com,,قسمت اول بهتر از این بود.
35,Whiplash,فیلم,دیمین شزل,"درام, موسیقی",2.90,13,3,320,52,Tuser,,5,
35,Whiplash,فیلم,دیمین شزل,"درام, موسیقی",2.90,13,3,320,52,Ali741,ali741@example.com,5,
35,Whiplash,فیلم,دیمین شزل,"درام, موسیقی",2.90,13,3,320,52,Sara236,sara236@example.com,3,
35,Whiplash,فیلم,دیمین شزل,"درام, موسیقی",2.90,13,3,320,52,Hossein94,hossein94@example.com,2,
35,Whiplash,فیلم,دیمین شزل,"درام, موسیقی",2.90,13,3,320,52,Zahra47,zahra47@example.com,2,
35,Whiplash,فیلم,دیمین شزل,"درام, موسیقی",2.90,13,3,320,52,Mahdi175,mahdi175@example.com,2,
35,Whiplash,فیلم,دیمین شزل,"درام, موسیقی",2.90,13,3,320,52,Fatemeh779,fatemeh779@example.com,3,
35,Whiplash,فیلم,دیمین شزل,"درام, موسیقی",2.90,13,3,320,52,Maryam881,maryam881@example.com,1,
35,Whiplash,فیلم,دیمین شزل,"درام, موسیقی",2.90,13,3,320,52,Saman76,saman76@example.com,4,
35,Whiplash,فیلم,دیمین شزل,"درام, موسیقی",2.90,13,3,320,52,Tara392,tara392@example.com,2,
35,Whiplash,فیلم,دیمین شزل,"درام, موسیقی",2.90,13,3,320,52,Kaveh21,kaveh21@example.com,3,
35,Whiplash,فیلم,دیمین شزل,"درام, موسیقی",2.90,13,3,320,52,Arman629,arman629@example.com,3,
35,Whiplash,فیلم,دیمین شزل,"درام, موسیقی",2.90,13,3,320,52,Pouria534,pouria534@example.com,4,
35,Whiplash,فیلم,دیمین شزل,"درام, موسیقی",2.90,13,3,320,52,Kaveh21,kaveh21@example.com,,فیلم فوق‌العاده‌ای بود! حتماً ببینید.
35,Whiplash,فیلم,دیمین شزل,"درام, موسیقی",2.90,13,3,320,52,Tara392,tara392@example.com,,بازیگری عالی بود، داستان جذاب.
35,Whiplash,فیلم,دیمین شزل,"درام, موسیقی",2.90,13,3,320,52,Mahdi175,mahdi175@example.com,,حتماً قسمت دوم را هم خواهم دید.
36,The Intouchables,فیلم,"اریک تولهدانو, اولیویه ناکاش","بیوگرافی, کمدی, درام",3.48,8,3,244,23,loginTest,,4,
36,The Intouchables,فیلم,"اریک تولهدانو, اولیویه ناکاش","بیوگرافی, کمدی, درام",3.48,8,3,244,23,Neda911,neda911@example.com,4,
36,The Intouchables,فیلم,"اریک تولهدانو, اولیویه ناکاش","بیوگرافی, کمدی, درام",3.48,8,3,244,23,Hossein94,hossein94@example.com,3,
36,The Intouchables,فیلم,"اریک تولهدانو, اولیویه ناکاش","بیوگرافی, کمدی, درام",3.48,8,3,244,23,Fatemeh779,fatemeh779@example.com,4,
36,The Intouchables,فیلم,"اریک تولهدانو, اولیویه ناکاش","بیوگرافی, کمدی, درام",3.48,8,3,244,23,Saman76,saman76@example.com,1,
36,The Intouchables,فیلم,"اریک تولهدانو, اولیویه ناکاش","بیوگرافی, کمدی, درام",3.48,8,3,244,23,Kaveh21,kaveh21@example.com,5,
36,The Intouchables,فیلم,"اریک تولهدانو, اولیویه ناکاش","بیوگرافی, کمدی, درام",3.48,8,3,244,23,Niloofar373,niloofar373@example.com,4,
36,The Intouchables,فیلم,"اریک تولهدانو, اولیویه ناکاش","بیوگرافی, کمدی, درام",3.48,8,3,244,23,Elham952,elham952@example.com,5,
36,The Intouchables,فیلم,"اریک تولهدانو, اولیویه ناکاش","بیوگرافی, کمدی, درام",3.48,8,3,244,23,Behnam387,behnam387@example.com,,حس و حال خاصی داشت، متفاوت بود.
36,The Intouchables,فیلم,"اریک تولهدانو, اولیویه ناکاش","بیوگرافی, کمدی, درام",3.48,8,3,244,23,Amir456,amir456@example.com,,ارزش دیدن دارد، اما نه بیشتر.
36,The Intouchables,فیلم,"اریک تولهدانو, اولیویه ناکاش","بیوگرافی, کمدی, درام",3.48,8,3,244,23,Tuser,,,جزو بهترین‌هایی بود که دیدم!
37,Parasite,فیلم,بونگ جون-هو,"درام, دلهره‌آور",2.63,8,3,208,35,Tuser,,3,
37,Parasite,فیلم,بونگ جون-هو,"درام, دلهره‌آور",2.63,8,3,208,35,Reza572,reza572@example.com,1,
37,Parasite,فیلم,بونگ جون-هو,"درام, دلهره‌آور",2.63,8,3,208,35,Sara236,sara236@example.com,2,
37,Parasite,فیلم,بونگ جون-هو,"درام, دلهره‌آور",2.63,8,3,208,35,Neda911,neda911@example.com,3,
37,Parasite,فیلم,بونگ جون-هو,"درام, دلهره‌آور",2.63,8,3,208,35,Hossein94,hossein94@example.com,3,
37,Parasite,فیلم,بونگ جون-هو,"درام, دلهره‌آور",2.63,8,3,208,35,Kaveh21,kaveh21@example.com,1,
37,Parasite,فیلم,بونگ جون-هو,"درام, دلهره‌آور",2.63,8,3,208,35,Leyla445,leyla445@example.com,4,
37,Parasite,فیلم,بونگ جون-هو,"درام, دلهره‌آور",2.63,8,3,208,35,Niloofar373,niloofar373@example.com,4,
37,Parasite,فیلم,بونگ جون-هو,"درام, دلهره‌آور",2.63,8,3,208,35,Elham952,elham952@example.com,,از همان دقیقه اول جذبم کرد.
37,Parasite,فیلم,بونگ جون-هو,"درام, دلهره‌آور",2.63,8,3,208,35,Niloofar373,niloofar373@example.com,,دکور و لباس‌ها حرفه‌ای بود.
37,Parasite,فیلم,بونگ جون-هو,"درام, دلهره‌آور",2.63,8,3,208,35,Saman76,saman76@example.com,,پایان‌بندی عجیبی داشت، سردرگم شدم!
38,Coco,فیلم,"لی آنکریچ, آدریان مولینا","انیمیشن, ماجراجویی, خانوادگی",2.69,8,5,266,38,Ali741,ali741@example.com,2,
38,Coco,فیلم,"لی آنکریچ, آدریان مولینا","انیمیشن, ماجراجویی, خانوادگی",2.69,8,5,266,38,Zahra47,zahra47@example.com,5,
38,Coco,فیلم,"لی آنکریچ, آدریان مولینا","انیمیشن, ماجراجویی, خانوادگی",2.69,8,5,266,38,Mahdi175,mahdi175@example.com,3,
38,Coco,فیلم,"لی آنکریچ, آدریان مولینا","انیمیشن, ماجراجویی, خانوادگی",2.69,8,5,266,38,Maryam881,maryam881@example.com,1,
38,Coco,فیلم,"لی آنکریچ, آدریان مولینا","انیمیشن, ماجراجویی, خانوادگی",2.69,8,5,266,38,Leyla445,leyla445@example.com,1,
38,Coco,فیلم,"لی آنکریچ, آدریان مولینا","انیمیشن, ماجراجویی, خانوادگی",2.69,8,5,266,38,Arman629,arman629@example.com,3,
38,Coco,فیلم,"لی آنکریچ, آدریان مولینا","انیمیشن, ماجراجویی, خانوادگی",2.69,8,5,266,38,Niloofar373,niloofar373@example.com,2,
38,Coco,فیلم,"لی آنکریچ, آدریان مولینا","انیمیشن, ماجراجویی, خانوادگی",2.69,8,5,266,38,Pouria534,pouria534@example.com,3,
38,Coco,فیلم,"لی آنکریچ, آدریان مولینا","انیمیشن, ماجراجویی, خانوادگی",2.69,8,5,266,38,Kaveh21,kaveh21@example.com,,قسمت اول بهتر از این بود.
38,Coco,فیلم,"لی آنکریچ, آدریان مولینا","انیمیشن, ماجراجویی, خانوادگی",2.69,8,5,266,38,Maryam881,maryam881@example.com,,صحنه‌های اکشن فوق‌العاده.
38,Coco,فیلم,"لی آنکریچ, آدریان مولینا","انیمیشن, ماجراجویی, خانوادگی",2.69,8,5,266,38,Fatemeh779,fatemeh779@example.com,,وقت تلف کردن، اصلاً ارزش نداشت.
38,Coco,فیلم,"لی آنکریچ, آدریان مولینا","انیمیشن, ماجراجویی, خانوادگی",2.69,8,5,266,38,Zahra47,zahra47@example.com,,بر اساس کتاب بود؟ کتاب خیلی بهتر بود.
38,Coco,فیلم,"لی آنکریچ, آدریان مولینا","انیمیشن, ماجراجویی, خانوادگی",2.69,8,5,266,38,Tuser,,,شاهکار! بدون شک جزو بهترین‌هاست.
31,Saving Private Ryan,فیلم,استیون اسپیلبرگ,"درام, جنگ",3.02,8,1,220,12,loginTest,,4,
31,Saving Private Ryan,فیلم,استیون اسپیلبرگ,"درام, جنگ",3.02,8,1,220,12,Zahra47,zahra47@example.com,1,
31,Saving Private Ryan,فیلم,استیون اسپیلبرگ,"درام, جنگ",3.02,8,1,220,12,Mahdi175,mahdi175@example.com,1,
31,Saving Private Ryan,فیلم,استیون اسپیلبرگ,"درام, جنگ",3.02,8,1,220,12,Amir456,amir456@example.com,5,
31,Saving Private Ryan,فیلم,استیون اسپیلبرگ,"درام, جنگ",3.02,8,1,220,12,Maryam881,maryam881@example.com,4,
31,Saving Private Ryan,فیلم,استیون اسپیلبرگ,"درام, جنگ",3.02,8,1,220,12,Kaveh21,kaveh21@example.com,5,
31,Saving Private Ryan,فیلم,استیون اسپیلبرگ,"درام, جنگ",3.02,8,1,220,12,Niloofar373,niloofar373@example.com,1,
31,Saving Private Ryan,فیلم,استیون اسپیلبرگ,"درام, جنگ",3.02,8,1,220,12,Elham952,elham952@example.com,2,
31,Saving Private Ryan,فیلم,استیون اسپیلبرگ,"درام, جنگ",3.02,8,1,220,12,Reza572,reza572@example.com,,من که لذت بردم، دوست داشتنی بود.
32,The Green Mile,فیلم,فرانک دارابانت,"جنایی, درام, فانتزی",3.15,8,5,221,11,Tuser,,2,
32,The Green Mile,فیلم,فرانک دارابانت,"جنایی, درام, فانتزی",3.15,8,5,221,11,loginTest,,2,
32,The Green Mile,فیلم,فرانک دارابانت,"جنایی, درام, فانتزی",3.15,8,5,221,11,Ali741,ali741@example.com,5,
32,The Green Mile,فیلم,فرانک دارابانت,"جنایی, درام, فانتزی",3.15,8,5,221,11,Neda911,neda911@example.com,2,
32,The Green Mile,فیلم,فرانک دارابانت,"جنایی, درام, فانتزی",3.15,8,5,221,11,Fatemeh779,fatemeh779@example.com,4,
32,The Green Mile,فیلم,فرانک دارابانت,"جنایی, درام, فانتزی",3.15,8,5,221,11,Saman76,saman76@example.com,3,
32,The Green Mile,فیلم,فرانک دارابانت,"جنایی, درام, فانتزی",3.15,8,5,221,11,Arman629,arman629@example.com,4,
32,The Green Mile,فیلم,فرانک دارابانت,"جنایی, درام, فانتزی",3.15,8,5,221,11,Pouria534,pouria534@example.com,4,
32,The Green Mile,فیلم,فرانک دارابانت,"جنایی, درام, فانتزی",3.15,8,5,221,11,Leyla445,leyla445@example.com,,بازیگر نقش منفی عالی بود.
32,The Green Mile,فیلم,فرانک دارابانت,"جنایی, درام, فانتزی",3.15,8,5,221,11,Arman629,arman629@example.com,,بازیگر اصلی عالی بود، بقیه معمولی.
32,The Green Mile,فیلم,فرانک دارابانت,"جنایی, درام, فانتزی",3.15,8,5,221,11,Hossein94,hossein94@example.com,,تکرار مکررات، هیچ ایده جدیدی نداشت.
32,The Green Mile,فیلم,فرانک دارابانت,"جنایی, درام, فانتزی",3.15,8,5,221,11,Neda911,neda911@example.com,,بازیگر اصلی عالی بود، بقیه معمولی.
32,The Green Mile,فیلم,فرانک دارابانت,"جنایی, درام, فانتزی",3.15,8,5,221,11,Mohammad363,mohammad363@example.com,,قسمت اول بهتر از این بود.
33,Gladiator,فیلم,ریدلی اسکات,"اکشن, درام",2.90,14,2,280,29,Tuser,,2,
33,Gladiator,فیلم,ریدلی اسکات,"اکشن, درام",2.90,14,2,280,29,loginTest,,1,
33,Gladiator,فیلم,ریدلی اسکات,"اکشن, درام",2.90,14,2,280,29,Ali741,ali741@example.com,5,
33,Gladiator,فیلم,ریدلی اسکات,"اکشن, درام",2.90,14,2,280,29,Reza572,reza572@example.com,4,
33,Gladiator,فیلم,ریدلی اسکات,"اکشن, درام",2.90,14,2,280,29,Neda911,neda911@example.com,3,
33,Gladiator,فیلم,ریدلی اسکات,"اکشن, درام",2.90,14,2,280,29,Hossein94,hossein94@example.com,1,
33,Gladiator,فیلم,ریدلی اسکات,"اکشن, درام",2.90,14,2,280,29,Zahra47,zahra47@example.com,1,
33,Gladiator,فیلم,ریدلی اسکات,"اکشن, درام",2.90,14,2,280,29,Fatemeh779,fatemeh779@example.com,5,
33,Gladiator,فیلم,ریدلی اسکات,"اکشن, درام",2.90,14,2,280,29,Amir456,amir456@example.com,5,
33,Gladiator,فیلم,ریدلی اسکات,"اکشن, درام",2.90,14,2,280,29,Maryam881,maryam881@example.com,3,
33,Gladiator,فیلم,ریدلی اسکات,"اکشن, درام",2.90,14,2,280,29,Saman76,saman76@example.com,2,
33,Gladiator,فیلم,ریدلی اسکات,"اکشن, درام",2.90,14,2,280,29,Tara392,tara392@example.com,1,
33,Gladiator,فیلم,ریدلی اسکات,"اکشن, درام",2.90,14,2,280,29,Kaveh21,kaveh21@example.com,5,
33,Gladiator,فیلم,ریدلی اسکات,"اکشن, درام",2.90,14,2,280,29,Niloofar373,niloofar373@example.com,1,
33,Gladiator,فیلم,ریدلی اسکات,"اکشن, درام",2.90,14,2,280,29,Behnam387,behnam387@example.com,,وقت تلف کردن، اصلاً ارزش نداشت.
33,Gladiator,فیلم,ریدلی اسکات,"اکشن, درام",2.90,14,2,280,29,Sara236,sara236@example.com,,از همان دقیقه اول جذبم کرد.
34,The Prestige,فیلم,کریستوفر نولان,"درام, معمایی, علمی-تخیلی",2.70,12,2,253,17,loginTest,,2,
34,The Prestige,فیلم,کریستوفر نولان,"درام, معمایی, علمی-تخیلی",2.70,12,2,253,17,Ali741,ali741@example.com,4,
34,The Prestige,فیلم,کریستوفر نولان,"درام, معمایی, علمی-تخیلی",2.70,12,2,253,17,Reza572,reza572@example.com,3,
34,The Prestige,فیلم,کریستوفر نولان,"درام, معمایی, علمی-تخیلی",2.70,12,2,253,17,Sara236,sara236@example.com,1,
34,The Prestige,فیلم,کریستوفر نولان,"درام, معمایی, علمی-تخیلی",2.70,12,2,253,17,Neda911,neda911@example.com,5,
34,The Prestige,فیلم,کریستوفر نولان,"درام, معمایی, علمی-تخیلی",2.70,12,2,253,17,Zahra47,zahra47@example.com,2,
34,The Prestige,فیلم,کریستوفر نولان,"درام, معمایی, علمی-تخیلی",2.70,12,2,253,17,Mahdi175,mahdi175@example.com,2,
34,The Prestige,فیلم,کریستوفر نولان,"درام, معمایی, علمی-تخیلی",2.70,12,2,253,17,Fatemeh779,fatemeh779@example.com,5,
34,The Prestige,فیلم,کریستوفر نولان,"درام, معمایی, علمی-تخیلی",2.70,12,2,253,17,Maryam881,maryam881@example.com,1,
34,The Prestige,فیلم,کریستوفر نولان,"درام, معمایی, علمی-تخیلی",2.70,12,2,253,17,Saman76,saman76@example.com,4,
34,The Prestige,فیلم,کریستوفر نولان,"درام, معمایی, علمی-تخیلی",2.70,12,2,253,17,Leyla445,leyla445@example.com,2,
34,The Prestige,فیلم,کریستوفر نولان,"درام, معمایی, علمی-تخیلی",2.70,12,2,253,17,Behnam387,behnam387@example.com,1,
34,The Prestige,فیلم,کریستوفر نولان,"درام, معمایی, علمی-تخیلی",2.70,12,2,253,17,Amir456,amir456@example.com,,پایان‌بندی عجیبی داشت، سردرگم شدم!
34,The Prestige,فیلم,کریستوفر نولان,"درام, معمایی, علمی-تخیلی",2.70,12,2,253,17,Hossein94,hossein94@example.com,,تکنیکال عالی، داستان متوسط.
27,The Silence of the Lambs,فیلم,جاناتان دمی,"جنایی, درام, دلهره‌آور",2.85,13,4,327,37,Tuser,,1,
27,The Silence of the Lambs,فیلم,جاناتان دمی,"جنایی, درام, دلهره‌آور",2.85,13,4,327,37,Ali741,ali741@example.com,5,
27,The Silence of the Lambs,فیلم,جاناتان دمی,"جنایی, درام, دلهره‌آور",2.85,13,4,327,37,Sara236,sara236@example.com,5,
27,The Silence of the Lambs,فیلم,جاناتان دمی,"جنایی, درام, دلهره‌آور",2.85,13,4,327,37,Neda911,neda911@example.com,2,
27,The Silence of the Lambs,فیلم,جاناتان دمی,"جنایی, درام, دلهره‌آور",2.85,13,4,327,37,Hossein94,hossein94@example.com,2,
27,The Silence of the Lambs,فیلم,جاناتان دمی,"جنایی, درام, دلهره‌آور",2.85,13,4,327,37,Zahra47,zahra47@example.com,2,
27,The Silence of the Lambs,فیلم,جاناتان دمی,"جنایی, درام, دلهره‌آور",2.85,13,4,327,37,Amir456,amir456@example.com,4,
27,The Silence of the Lambs,فیلم,جاناتان دمی,"جنایی, درام, دلهره‌آور",2.85,13,4,327,37,Maryam881,maryam881@example.com,3,
27,The Silence of the Lambs,فیلم,جاناتان دمی,"جنایی, درام, دلهره‌آور",2.85,13,4,327,37,Tara392,tara392@example.com,1,
27,The Silence of the Lambs,فیلم,جاناتان دمی,"جنایی, درام, دلهره‌آور",2.85,13,4,327,37,Leyla445,leyla445@example.com,3,
27,The Silence of the Lambs,فیلم,جاناتان دمی,"جنایی, درام, دلهره‌آور",2.85,13,4,327,37,Niloofar373,niloofar373@example.com,4,
27,The Silence of the Lambs,فیلم,جاناتان دمی,"جنایی, درام, دلهره‌آور",2.85,13,4,327,37,Elham952,elham952@example.com,1,
27,The Silence of the Lambs,فیلم,جاناتان دمی,"جنایی, درام, دلهره‌آور",2.85,13,4,327,37,Behnam387,behnam387@example.com,3,
27,The Silence of the Lambs,فیلم,جاناتان دمی,"جنایی, درام, دلهره‌آور",2.85,13,4,327,37,Hossein94,hossein94@example.com,,بازیگر نقش منفی عالی بود.
27,The Silence of the Lambs,فیلم,جاناتان دمی,"جنایی, درام, دلهره‌آور",2.85,13,4,327,37,Sara236,sara236@example.com,,چیزی که انتظار داشتم نبود.
27,The Silence of the Lambs,فیلم,جاناتان دمی,"جنایی, درام, دلهره‌آور",2.85,13,4,327,37,Reza572,reza572@example.com,,بازیگر نقش منفی عالی بود.
27,The Silence of the Lambs,فیلم,جاناتان دمی,"جنایی, درام, دلهره‌آور",2.85,13,4,327,37,Ali741,ali741@example.com,,تکرار مکررات، هیچ ایده جدیدی نداشت.
28,City of God,فیلم,"فرناندو میرلس, کاتیا لوند","جنایی, درام",3.62,11,1,230,23,loginTest,,2,
28,City of God,فیلم,"فرناندو میرلس, کاتیا لوند","جنایی, درام",3.62,11,1,230,23,Ali741,ali741@example.com,5,
28,City of God,فیلم,"فرناندو میرلس, کاتیا لوند","جنایی, درام",3.62,11,1,230,23,Mohammad363,mohammad363@example.com,5,
28,City of God,فیلم,"فرناندو میرلس, کاتیا لوند","جنایی, درام",3.62,11,1,230,23,Mahdi175,mahdi175@example.com,5,
28,City of God,فیلم,"فرناندو میرلس, کاتیا لوند","جنایی, درام",3.62,11,1,230,23,Fatemeh779,fatemeh779@example.com,5,
28,City of God,فیلم,"فرناندو میرلس, کاتیا لوند","جنایی, درام",3.62,11,1,230,23,Amir456,amir456@example.com,5,
28,City of God,فیلم,"فرناندو میرلس, کاتیا لوند","جنایی, درام",3.62,11,1,230,23,Maryam881,maryam881@example.com,1,
28,City of God,فیلم,"فرناندو میرلس, کاتیا لوند","جنایی, درام",3.62,11,1,230,23,Kaveh21,kaveh21@example.com,4,
28,City of God,فیلم,"فرناندو میرلس, کاتیا لوند","جنایی, درام",3.62,11,1,230,23,Pouria534,pouria534@example.com,2,
28,City of God,فیلم,"فرناندو میرلس, کاتیا لوند","جنایی, درام",3.62,11,1,230,23,Elham952,elham952@example.com,4,
28,City of God,فیلم,"فرناندو میرلس, کاتیا لوند","جنایی, درام",3.62,11,1,230,23,Behnam387,behnam387@example.com,4,
28,City of God,فیلم,"فرناندو میرلس, کاتیا لوند","جنایی, درام",3.62,11,1,230,23,Niloofar373,niloofar373@example.com,,صحنه‌های اکشن فوق‌العاده.
29,Interstellar,فیلم,کریستوفر نولان,"ماجراجویی, درام, علمی-تخیلی",2.78,8,3,201,18,Ali741,ali741@example.com,5,
29,Interstellar,فیلم,کریستوفر نولان,"ماجراجویی, درام, علمی-تخیلی",2.78,8,3,201,18,Mohammad363,mohammad363@example.com,1,
29,Interstellar,فیلم,کریستوفر نولان,"ماجراجویی, درام, علمی-تخیلی",2.78,8,3,201,18,Neda911,neda911@example.com,5,
29,Interstellar,فیلم,کریستوفر نولان,"ماجراجویی, درام, علمی-تخیلی",2.78,8,3,201,18,Zahra47,zahra47@example.com,1,
29,Interstellar,فیلم,کریستوفر نولان,"ماجراجویی, درام, علمی-تخیلی",2.78,8,3,201,18,Tara392,tara392@example.com,1,
29,Interstellar,فیلم,کریستوفر نولان,"ماجراجویی, درام, علمی-تخیلی",2.78,8,3,201,18,Niloofar373,niloofar373@example.com,4,
29,Interstellar,فیلم,کریستوفر نولان,"ماجراجویی, درام, علمی-تخیلی",2.78,8,3,201,18,Elham952,elham952@example.com,5,
29,Interstellar,فیلم,کریستوفر نولان,"ماجراجویی, درام, علمی-تخیلی",2.78,8,3,201,18,Behnam387,behnam387@example.com,2,
29,Interstellar,فیلم,کریستوفر نولان,"ماجراجویی, درام, علمی-تخیلی",2.78,8,3,201,18,Pouria534,pouria534@example.com,,فیلم فوق‌العاده‌ای بود! حتماً ببینید.
29,Interstellar,فیلم,کریستوفر نولان,"ماجراجویی, درام, علمی-تخیلی",2.78,8,3,201,18,Saman76,saman76@example.com,,تکنیکال عالی، داستان متوسط.
29,Interstellar,فیلم,کریستوفر نولان,"ماجراجویی, درام, علمی-تخیلی",2.78,8,3,201,18,Zahra47,zahra47@example.com,,صحنه‌های اکشن فوق‌العاده.
30,Spirited Away,فیلم,هایائو میازاکی,"انیمیشن, ماجراجویی, خانوادگی",3.38,8,1,196,15,Tuser,,5,
30,Spirited Away,فیلم,هایائو میازاکی,"انیمیشن, ماجراجویی, خانوادگی",3.38,8,1,196,15,Sara236,sara236@example.com,5,
30,Spirited Away,فیلم,هایائو میازاکی,"انیمیشن, ماجراجویی, خانوادگی",3.38,8,1,196,15,Neda911,neda911@example.com,2,
30,Spirited Away,فیلم,هایائو میازاکی,"انیمیشن, ماجراجویی, خانوادگی",3.38,8,1,196,15,Amir456,amir456@example.com,3,
30,Spirited Away,فیلم,هایائو میازاکی,"انیمیشن, ماجراجویی, خانوادگی",3.38,8,1,196,15,Maryam881,maryam881@example.com,2,
30,Spirited Away,فیلم,هایائو میازاکی,"انیمیشن, ماجراجویی, خانوادگی",3.38,8,1,196,15,Kaveh21,kaveh21@example.com,4,
30,Spirited Away,فیلم,هایائو میازاکی,"انیمیشن, ماجراجویی, خانوادگی",3.38,8,1,196,15,Leyla445,leyla445@example.com,4,
30,Spirited Away,فیلم,هایائو میازاکی,"انیمیشن, ماجراجویی, خانوادگی",3.38,8,1,196,15,Elham952,elham952@example.com,4,
30,Spirited Away,فیلم,هایائو میازاکی,"انیمیشن, ماجراجویی, خانوادگی",3.38,8,1,196,15,Saman76,saman76@example.com,,من که لذت بردم، دوست داشتنی بود.
24,Goodfellas,فیلم,مارتین اسکورسیزی,"بیوگرافی, جنایی, درام",3.10,11,7,323,36,Reza572,reza572@example.com,5,
24,Goodfellas,فیلم,مارتین اسکورسیزی,"بیوگرافی, جنایی, درام",3.10,11,7,323,36,Neda911,neda911@example.com,4,
24,Goodfellas,فیلم,مارتین اسکورسیزی,"بیوگرافی, جنایی, درام",3.10,11,7,323,36,Hossein94,hossein94@example.com,3,
24,Goodfellas,فیلم,مارتین اسکورسیزی,"بیوگرافی, جنایی, درام",3.10,11,7,323,36,Zahra47,zahra47@example.com,2,
24,Goodfellas,فیلم,مارتین اسکورسیزی,"بیوگرافی, جنایی, درام",3.10,11,7,323,36,Mahdi175,mahdi175@example.com,2,
24,Goodfellas,فیلم,مارتین اسکورسیزی,"بیوگرافی, جنایی, درام",3.10,11,7,323,36,Fatemeh779,fatemeh779@example.com,5,
24,Goodfellas,فیلم,مارتین اسکورسیزی,"بیوگرافی, جنایی, درام",3.10,11,7,323,36,Amir456,amir456@example.com,1,
24,Goodfellas,فیلم,مارتین اسکورسیزی,"بیوگرافی, جنایی, درام",3.10,11,7,323,36,Maryam881,maryam881@example.com,3,
24,Goodfellas,فیلم,مارتین اسکورسیزی,"بیوگرافی, جنایی, درام",3.10,11,7,323,36,Saman76,saman76@example.com,5,
24,Goodfellas,فیلم,مارتین اسکورسیزی,"بیوگرافی, جنایی, درام",3.10,11,7,323,36,Pouria534,pouria534@example.com,1,
24,Goodfellas,فیلم,مارتین اسکورسیزی,"بیوگرافی, جنایی, درام",3.10,11,7,323,36,Behnam387,behnam387@example.com,5,
24,Goodfellas,فیلم,مارتین اسکورسیزی,"بیوگرافی, جنایی, درام",3.10,11,7,323,36,Leyla445,leyla445@example.com,,جزو بهترین‌هایی بود که دیدم!
24,Goodfellas,فیلم,مارتین اسکورسیزی,"بیوگرافی, جنایی, درام",3.10,11,7,323,36,Saman76,saman76@example.com,,به هیچ وجه پیشنهاد نمی‌کنم.
24,Goodfellas,فیلم,مارتین اسکورسیزی,"بیوگرافی, جنایی, درام",3.10,11,7,323,36,Mahdi175,mahdi175@example.com,,بازیگری عالی بود، داستان جذاب.
24,Goodfellas,فیلم,مارتین اسکورسیزی,"بیوگرافی, جنایی, درام",3.10,11,7,323,36,Hossein94,hossein94@example.com,,چیزی که انتظار داشتم نبود.
24,Goodfellas,فیلم,مارتین اسکورسیزی,"بیوگرافی, جنایی, درام",3.10,11,7,323,36,Sara236,sara236@example.com,,فیلمنامه ضعیف، بازیگری خوب.
24,Goodfellas,فیلم,مارتین اسکورسیزی,"بیوگرافی, جنایی, درام",3.10,11,7,323,36,Ali741,ali741@example.com,,بد نبود، اما می‌توانست بهتر باشد.
24,Goodfellas,فیلم,مارتین اسکورسیزی,"بیوگرافی, جنایی, درام",3.10,11,7,323,36,loginTest,,,فیلم فوق‌العاده‌ای بود! حتماً ببینید.
25,The Matrix,فیلم,"لانا واچوفسکی, لیلی واچوفسکی","اکشن, علمی-تخیلی",3.03,5,3,198,27,Tuser,,5,
25,The Matrix,فیلم,"لانا واچوفسکی, لیلی واچوفسکی","اکشن, علمی-تخیلی",3.03,5,3,198,27,Neda911,neda911@example.com,2,
25,The Matrix,فیلم,"لانا واچوفسکی, لیلی واچوفسکی","اکشن, علمی-تخیلی",3.03,5,3,198,27,Leyla445,leyla445@example.com,5,
25,The Matrix,فیلم,"لانا واچوفسکی, لیلی واچوفسکی","اکشن, علمی-تخیلی",3.03,5,3,198,27,Niloofar373,niloofar373@example.com,1,
25,The Matrix,فیلم,"لانا واچوفسکی, لیلی واچوفسکی","اکشن, علمی-تخیلی",3.03,5,3,198,27,Pouria534,pouria534@example.com,2,
25,The Matrix,فیلم,"لانا واچوفسکی, لیلی واچوفسکی","اکشن, علمی-تخیلی",3.03,5,3,198,27,Tara392,tara392@example.com,,تکرار مکررات، هیچ ایده جدیدی نداشت.
25,The Matrix,فیلم,"لانا واچوفسکی, لیلی واچوفسکی","اکشن, علمی-تخیلی",3.03,5,3,198,27,Sara236,sara236@example.com,,پایان‌بندی عجیبی داشت، سردرگم شدم!
25,The Matrix,فیلم,"لانا واچوفسکی, لیلی واچوفسکی","اکشن, علمی-تخیلی",3.03,5,3,198,27,Tuser,,,حس و حال خاصی داشت، متفاوت بود.
26,Seven Samurai,فیلم,آکیرا کوروساوا,"اکشن, درام",3.33,10,3,269,49,Ali741,ali741@example.com,4,
26,Seven Samurai,فیلم,آکیرا کوروساوا,"اکشن, درام",3.33,10,3,269,49,Reza572,reza572@example.com,3,
26,Seven Samurai,فیلم,آکیرا کوروساوا,"اکشن, درام",3.33,10,3,269,49,Neda911,neda911@example.com,4,
26,Seven Samurai,فیلم,آکیرا کوروساوا,"اکشن, درام",3.33,10,3,269,49,Hossein94,hossein94@example.com,5,
26,Seven Samurai,فیلم,آکیرا کوروساوا,"اکشن, درام",3.33,10,3,269,49,Mahdi175,mahdi175@example.com,4,
26,Seven Samurai,فیلم,آکیرا کوروساوا,"اکشن, درام",3.33,10,3,269,49,Fatemeh779,fatemeh779@example.com,3,
26,Seven Samurai,فیلم,آکیرا کوروساوا,"اکشن, درام",3.33,10,3,269,49,Amir456,amir456@example.com,5,
26,Seven Samurai,فیلم,آکیرا کوروساوا,"اکشن, درام",3.33,10,3,269,49,Tara392,tara392@example.com,2,
26,Seven Samurai,فیلم,آکیرا کوروساوا,"اکشن, درام",3.33,10,3,269,49,Kaveh21,kaveh21@example.com,1,
26,Seven Samurai,فیلم,آکیرا کوروساوا,"اکشن, درام",3.33,10,3,269,49,Leyla445,leyla445@example.com,4,
26,Seven Samurai,فیلم,آکیرا کوروساوا,"اکشن, درام",3.33,10,3,269,49,Hossein94,hossein94@example.com,,حتماً قسمت دوم را هم خواهم دید.
26,Seven Samurai,فیلم,آکیرا کوروساوا,"اکشن, درام",3.33,10,3,269,49,Ali741,ali741@example.com,,بازیگر اصلی عالی بود، بقیه معمولی.
26,Seven Samurai,فیلم,آکیرا کوروساوا,"اکشن, درام",3.33,10,3,269,49,Tuser,,,ارزش دیدن دارد، اما نه بیشتر.
20,Pulp Fiction,فیلم,کوئنتین تارانتینو,"جنایی, درام",3.01,13,3,289,52,loginTest,,5,
20,Pulp Fiction,فیلم,کوئنتین تارانتینو,"جنایی, درام",3.01,13,3,289,52,Sara236,sara236@example.com,3,
20,Pulp Fiction,فیلم,کوئنتین تارانتینو,"جنایی, درام",3.01,13,3,289,52,Neda911,neda911@example.com,3,
20,Pulp Fiction,فیلم,کوئنتین تارانتینو,"جنایی, درام",3.01,13,3,289,52,Hossein94,hossein94@example.com,4,
20,Pulp Fiction,فیلم,کوئنتین تارانتینو,"جنایی, درام",3.01,13,3,289,52,Zahra47,zahra47@example.com,1,
20,Pulp Fiction,فیلم,کوئنتین تارانتینو,"جنایی, درام",3.01,13,3,289,52,Mahdi175,mahdi175@example.com,5,
20,Pulp Fiction,فیلم,کوئنتین تارانتینو,"جنایی, درام",3.01,13,3,289,52,Fatemeh779,fatemeh779@example.com,2,
20,Pulp Fiction,فیلم,کوئنتین تارانتینو,"جنایی, درام",3.01,13,3,289,52,Amir456,amir456@example.com,3,
20,Pulp Fiction,فیلم,کوئنتین تارانتینو,"جنایی, درام",3.01,13,3,289,52,Tara392,tara392@example.com,1,
20,Pulp Fiction,فیلم,کوئنتین تارانتینو,"جنایی, درام",3.01,13,3,289,52,Kaveh21,kaveh21@example.com,3,
20,Pulp Fiction,فیلم,کوئنتین تارانتینو,"جنایی, درام",3.01,13,3,289,52,Arman629,arman629@example.com,3,
20,Pulp Fiction,فیلم,کوئنتین تارانتینو,"جنایی, درام",3.01,13,3,289,52,Pouria534,pouria534@example.com,3,
20,Pulp Fiction,فیلم,کوئنتین تارانتینو,"جنایی, درام",3.01,13,3,289,52,Behnam387,behnam387@example.com,5,
20,Pulp Fiction,فیلم,کوئنتین تارانتینو,"جنایی, درام",3.01,13,3,289,52,Maryam881,maryam881@example.com,,جزو بهترین‌هایی بود که دیدم!
20,Pulp Fiction,فیلم,کوئنتین تارانتینو,"جنایی, درام",3.01,13,3,289,52,Sara236,sara236@example.com,,از همان دقیقه اول جذبم کرد.
20,Pulp Fiction,فیلم,کوئنتین تارانتینو,"جنایی, درام",3.01,13,3,289,52,loginTest,,,از همان دقیقه اول جذبم کرد.
21,Inception,فیلم,کریستوفر نولان,"اکشن, ماجراجویی, علمی-تخیلی",2.67,7,3,216,21,Tuser,,3,
21,Inception,فیلم,کریستوفر نولان,"اکشن, ماجراجویی, علمی-تخیلی",2.67,7,3,216,21,Zahra47,zahra47@example.com,5,
21,Inception,فیلم,کریستوفر نولان,"اکشن, ماجراجویی, علمی-تخیلی",2.67,7,3,216,21,Amir456,amir456@example.com,5,
21,Inception,فیلم,کریستوفر نولان,"اکشن, ماجراجویی, علمی-تخیلی",2.67,7,3,216,21,Maryam881,maryam881@example.com,1,
21,Inception,فیلم,کریستوفر نولان,"اکشن, ماجراجویی, علمی-تخیلی",2.67,7,3,216,21,Tara392,tara392@example.com,1,
21,Inception,فیلم,کریستوفر نولان,"اکشن, ماجراجویی, علمی-تخیلی",2.67,7,3,216,21,Kaveh21,kaveh21@example.com,1,
21,Inception,فیلم,کریستوفر نولان,"اکشن, ماجراجویی, علمی-تخیلی",2.67,7,3,216,21,Arman629,arman629@example.com,1,
21,Inception,فیلم,کریستوفر نولان,"اکشن, ماجراجویی, علمی-تخیلی",2.67,7,3,216,21,Kaveh21,kaveh21@example.com,,حس و حال خاصی داشت، متفاوت بود.
21,Inception,فیلم,کریستوفر نولان,"اکشن, ماجراجویی, علمی-تخیلی",2.67,7,3,216,21,Fatemeh779,fatemeh779@example.com,,بازیگری عالی بود، داستان جذاب.
21,Inception,فیلم,کریستوفر نولان,"اکشن, ماجراجویی, علمی-تخیلی",2.67,7,3,216,21,Hossein94,hossein94@example.com,,فیلمنامه ضعیف، بازیگری خوب.
22,Fight Club,فیلم,دیوید فینچر,درام,3.23,12,2,261,21,Tuser,,3,
22,Fight Club,فیلم,دیوید فینچر,درام,3.23,12,2,261,21,loginTest,,3,
22,Fight Club,فیلم,دیوید فینچر,درام,3.23,12,2,261,21,Reza572,reza572@example.com,3,
22,Fight Club,فیلم,دیوید فینچر,درام,3.23,12,2,261,21,Sara236,sara236@example.com,5,
22,Fight Club,فیلم,دیوید فینچر,درام,3.23,12,2,261,21,Hossein94,hossein94@example.com,1,
22,Fight Club,فیلم,دیوید فینچر,درام,3.23,12,2,261,21,Zahra47,zahra47@example.com,4,
22,Fight Club,فیلم,دیوید فینچر,درام,3.23,12,2,261,21,Mahdi175,mahdi175@example.com,2,
22,Fight Club,فیلم,دیوید فینچر,درام,3.23,12,2,261,21,Amir456,amir456@example.com,3,
22,Fight Club,فیلم,دیوید فینچر,درام,3.23,12,2,261,21,Maryam881,maryam881@example.com,3,
22,Fight Club,فیلم,دیوید فینچر,درام,3.23,12,2,261,21,Leyla445,leyla445@example.com,4,
22,Fight Club,فیلم,دیوید فینچر,درام,3.23,12,2,261,21,Arman629,arman629@example.com,5,
22,Fight Club,فیلم,دیوید فینچر,درام,3.23,12,2,261,21,Elham952,elham952@example.com,2,
22,Fight Club,فیلم,دیوید فینچر,درام,3.23,12,2,261,21,Elham952,elham952@example.com,,بد نبود، اما می‌توانست بهتر باشد.
22,Fight Club,فیلم,دیوید فینچر,درام,3.23,12,2,261,21,Ali741,ali741@example.com,,برای یک بار دیدن خوبه.
23,Forrest Gump,فیلم,رابرت زمکیس,"درام, عاشقانه",2.76,8,3,204,32,Ali741,ali741@example.com,3,
23,Forrest Gump,فیلم,رابرت زمکیس,"درام, عاشقانه",2.76,8,3,204,32,Reza572,reza572@example.com,4,
23,Forrest Gump,فیلم,رابرت زمکیس,"درام, عاشقانه",2.76,8,3,204,32,Sara236,sara236@example.com,2,
23,Forrest Gump,فیلم,رابرت زمکیس,"درام, عاشقانه",2.76,8,3,204,32,Hossein94,hossein94@example.com,2,
23,Forrest Gump,فیلم,رابرت زمکیس,"درام, عاشقانه",2.76,8,3,204,32,Zahra47,zahra47@example.com,1,
23,Forrest Gump,فیلم,رابرت زمکیس,"درام, عاشقانه",2.76,8,3,204,32,Mahdi175,mahdi175@example.com,3,
23,Forrest Gump,فیلم,رابرت زمکیس,"درام, عاشقانه",2.76,8,3,204,32,Maryam881,maryam881@example.com,3,
23,Forrest Gump,فیلم,رابرت زمکیس,"درام, عاشقانه",2.76,8,3,204,32,Leyla445,leyla445@example.com,3,
23,Forrest Gump,فیلم,رابرت زمکیس,"درام, عاشقانه",2.76,8,3,204,32,Saman76,saman76@example.com,,شاهکار! بدون شک جزو بهترین‌هاست.
23,Forrest Gump,فیلم,رابرت زمکیس,"درام, عاشقانه",2.76,8,3,204,32,Mohammad363,mohammad363@example.com,,ارزش دیدن دارد، اما نه بیشتر.
23,Forrest Gump,فیلم,رابرت زمکیس,"درام, عاشقانه",2.76,8,3,204,32,Ali741,ali741@example.com,,فیلمنامه ضعیف، بازیگری خوب.
17,The Dark Knight,فیلم,کریستوفر نولان,"اکشن, جنایی, درام",2.79,3,1,154,12,Hossein94,hossein94@example.com,2,
17,The Dark Knight,فیلم,کریستوفر نولان,"اکشن, جنایی, درام",2.79,3,1,154,12,Saman76,saman76@example.com,2,
17,The Dark Knight,فیلم,کریستوفر نولان,"اکشن, جنایی, درام",2.79,3,1,154,12,Elham952,elham952@example.com,4,
17,The Dark Knight,فیلم,کریستوفر نولان,"اکشن, جنایی, درام",2.79,3,1,154,12,Amir456,amir456@example.com,,بازیگری عالی بود، داستان جذاب.
18,Schindler's List,فیلم,استیون اسپیلبرگ,"بیوگرافی, درام, تاریخی",2.35,10,3,264,45,Tuser,,3,
18,Schindler's List,فیلم,استیون اسپیلبرگ,"بیوگرافی, درام, تاریخی",2.35,10,3,264,45,Ali741,ali741@example.com,2,
18,Schindler's List,فیلم,استیون اسپیلبرگ,"بیوگرافی, درام, تاریخی",2.35,10,3,264,45,Mahdi175,mahdi175@example.com,4,
18,Schindler's List,فیلم,استیون اسپیلبرگ,"بیوگرافی, درام, تاریخی",2.35,10,3,264,45,Amir456,amir456@example.com,1,
18,Schindler's List,فیلم,استیون اسپیلبرگ,"بیوگرافی, درام, تاریخی",2.35,10,3,264,45,Maryam881,maryam881@example.com,2,
18,Schindler's List,فیلم,استیون اسپیلبرگ,"بیوگرافی, درام, تاریخی",2.35,10,3,264,45,Tara392,tara392@example.com,1,
18,Schindler's List,فیلم,استیون اسپیلبرگ,"بیوگرافی, درام, تاریخی",2.35,10,3,264,45,Kaveh21,kaveh21@example.com,3,
18,Schindler's List,فیلم,استیون اسپیلبرگ,"بیوگرافی, درام, تاریخی",2.35,10,3,264,45,Leyla445,leyla445@example.com,2,
18,Schindler's List,فیلم,استیون اسپیلبرگ,"بیوگرافی, درام, تاریخی",2.35,10,3,264,45,Arman629,arman629@example.com,1,
18,Schindler's List,فیلم,استیون اسپیلبرگ,"بیوگرافی, درام, تاریخی",2.35,10,3,264,45,Behnam387,behnam387@example.com,2,
18,Schindler's List,فیلم,استیون اسپیلبرگ,"بیوگرافی, درام, تاریخی",2.35,10,3,264,45,Amir456,amir456@example.com,,وقت تلف کردن، اصلاً ارزش نداشت.
18,Schindler's List,فیلم,استیون اسپیلبرگ,"بیوگرافی, درام, تاریخی",2.35,10,3,264,45,Zahra47,zahra47@example.com,,جزو بهترین‌هایی بود که دیدم!
18,Schindler's List,فیلم,استیون اسپیلبرگ,"بیوگرافی, درام, تاریخی",2.35,10,3,264,45,Tuser,,,وقت تلف کردن، اصلاً ارزش نداشت.
19,The Lord of the Rings: The Return of the King,فیلم,پیتر جکسون,"اکشن, ماجراجویی, درام",3.13,9,3,238,45,Tuser,,3,
19,The Lord of the Rings: The Return of the King,فیلم,پیتر جکسون,"اکشن, ماجراجویی, درام",3.13,9,3,238,45,loginTest,,4,
19,The Lord of the Rings: The Return of the King,فیلم,پیتر جکسون,"اکشن, ماجراجویی, درام",3.13,9,3,238,45,Neda911,neda911@example.com,3,
19,The Lord of the Rings: The Return of the King,فیلم,پیتر جکسون,"اکشن, ماجراجویی, درام",3.13,9,3,238,45,Fatemeh779,fatemeh779@example.com,2,
19,The Lord of the Rings: The Return of the King,فیلم,پیتر جکسون,"اکشن, ماجراجویی, درام",3.13,9,3,238,45,Amir456,amir456@example.com,2,
19,The Lord of the Rings: The Return of the King,فیلم,پیتر جکسون,"اکشن, ماجراجویی, درام",3.13,9,3,238,45,Leyla445,leyla445@example.com,3,
19,The Lord of the Rings: The Return of the King,فیلم,پیتر جکسون,"اکشن, ماجراجویی, درام",3.13,9,3,238,45,Arman629,arman629@example.com,3,
19,The Lord of the Rings: The Return of the King,فیلم,پیتر جکسون,"اکشن, ماجراجویی, درام",3.13,9,3,238,45,Niloofar373,niloofar373@example.com,3,
19,The Lord of the Rings: The Return of the King,فیلم,پیتر جکسون,"اکشن, ماجراجویی, درام",3.13,9,3,238,45,Pouria534,pouria534@example.com,5,
19,The Lord of the Rings: The Return of the King,فیلم,پیتر جکسون,"اکشن, ماجراجویی, درام",3.13,9,3,238,45,Behnam387,behnam387@example.com,,خیلی طولانی بود، خسته‌کننده.
19,The Lord of the Rings: The Return of the King,فیلم,پیتر جکسون,"اکشن, ماجراجویی, درام",3.13,9,3,238,45,Arman629,arman629@example.com,,داستان جذاب و غیرقابل پیش‌بینی.
19,The Lord of the Rings: The Return of the King,فیلم,پیتر جکسون,"اکشن, ماجراجویی, درام",3.13,9,3,238,45,Ali741,ali741@example.com,,چیزی که انتظار داشتم نبود.
16,The Godfather,فیلم,فرانسیس فورد کاپولا,"جنایی, درام",3.53,7,3,213,12,loginTest,,5,
16,The Godfather,فیلم,فرانسیس فورد کاپولا,"جنایی, درام",3.53,7,3,213,12,Sara236,sara236@example.com,5,
16,The Godfather,فیلم,فرانسیس فورد کاپولا,"جنایی, درام",3.53,7,3,213,12,Neda911,neda911@example.com,5,
16,The Godfather,فیلم,فرانسیس فورد کاپولا,"جنایی, درام",3.53,7,3,213,12,Zahra47,zahra47@example.com,1,
16,The Godfather,فیلم,فرانسیس فورد کاپولا,"جنایی, درام",3.53,7,3,213,12,Saman76,saman76@example.com,5,
16,The Godfather,فیلم,فرانسیس فورد کاپولا,"جنایی, درام",3.53,7,3,213,12,Arman629,arman629@example.com,1,
16,The Godfather,فیلم,فرانسیس فورد کاپولا,"جنایی, درام",3.53,7,3,213,12,Elham952,elham952@example.com,3,
16,The Godfather,فیلم,فرانسیس فورد کاپولا,"جنایی, درام",3.53,7,3,213,12,Pouria534,pouria534@example.com,,من که لذت بردم، دوست داشتنی بود.
16,The Godfather,فیلم,فرانسیس فورد کاپولا,"جنایی, درام",3.53,7,3,213,12,Tara392,tara392@example.com,,از همان دقیقه اول جذبم کرد.
16,The Godfather,فیلم,فرانسیس فورد کاپولا,"جنایی, درام",3.53,7,3,213,12,Ali741,ali741@example.com,,حتماً قسمت دوم را هم خواهم دید.
15,The Shawshank Redemption,فیلم,فرانک دارابانت,درام,3.24,8,5,233,28,loginTest,,3,
15,The Shawshank Redemption,فیلم,فرانک دارابانت,درام,3.24,8,5,233,28,Ali741,ali741@example.com,2,
15,The Shawshank Redemption,فیلم,فرانک دارابانت,درام,3.24,8,5,233,28,Reza572,reza572@example.com,3,
15,The Shawshank Redemption,فیلم,فرانک دارابانت,درام,3.24,8,5,233,28,Mohammad363,mohammad363@example.com,5,
15,The Shawshank Redemption,فیلم,فرانک دارابانت,درام,3.24,8,5,233,28,Neda911,neda911@example.com,1,
15,The Shawshank Redemption,فیلم,فرانک دارابانت,درام,3.24,8,5,233,28,Amir456,amir456@example.com,5,
15,The Shawshank Redemption,فیلم,فرانک دارابانت,درام,3.24,8,5,233,28,Maryam881,maryam881@example.com,3,
15,The Shawshank Redemption,فیلم,فرانک دارابانت,درام,3.24,8,5,233,28,Niloofar373,niloofar373@example.com,4,
15,The Shawshank Redemption,فیلم,فرانک دارابانت,درام,3.24,8,5,233,28,Behnam387,behnam387@example.com,,قسمت اول بهتر از این بود.
15,The Shawshank Redemption,فیلم,فرانک دارابانت,درام,3.24,8,5,233,28,Elham952,elham952@example.com,,حس و حال خاصی داشت، متفاوت بود.
15,The Shawshank Redemption,فیلم,فرانک دارابانت,درام,3.24,8,5,233,28,Sara236,sara236@example.com,,قسمت اول بهتر از این بود.
15,The Shawshank Redemption,فیلم,فرانک دارابانت,درام,3.24,8,5,233,28,loginTest,,,پایان‌بندی عجیبی داشت، سردرگم شدم!
15,The Shawshank Redemption,فیلم,فرانک دارابانت,درام,3.24,8,5,233,28,Tuser,,,بد نبود، اما می‌توانست بهتر باشد.
14,Inside Out 2,فیلم,کیلسی مان,"انیمیشن, کمدی, خانوادگی",3.16,10,4,278,24,loginTest,,4,
14,Inside Out 2,فیلم,کیلسی مان,"انیمیشن, کمدی, خانوادگی",3.16,10,4,278,24,Reza572,reza572@example.com,4,
14,Inside Out 2,فیلم,کیلسی مان,"انیمیشن, کمدی, خانوادگی",3.16,10,4,278,24,Mohammad363,mohammad363@example.com,3,
14,Inside Out 2,فیلم,کیلسی مان,"انیمیشن, کمدی, خانوادگی",3.16,10,4,278,24,Hossein94,hossein94@example.com,3,
14,Inside Out 2,فیلم,کیلسی مان,"انیمیشن, کمدی, خانوادگی",3.16,10,4,278,24,Mahdi175,mahdi175@example.com,4,
14,Inside Out 2,فیلم,کیلسی مان,"انیمیشن, کمدی, خانوادگی",3.16,10,4,278,24,Amir456,amir456@example.com,1,
14,Inside Out 2,فیلم,کیلسی مان,"انیمیشن, کمدی, خانوادگی",3.16,10,4,278,24,Maryam881,maryam881@example.com,2,
14,Inside Out 2,فیلم,کیلسی مان,"انیمیشن, کمدی, خانوادگی",3.16,10,4,278,24,Tara392,tara392@example.com,3,
14,Inside Out 2,فیلم,کیلسی مان,"انیمیشن, کمدی, خانوادگی",3.16,10,4,278,24,Elham952,elham952@example.com,5,
14,Inside Out 2,فیلم,کیلسی مان,"انیمیشن, کمدی, خانوادگی",3.16,10,4,278,24,Behnam387,behnam387@example.com,5,
14,Inside Out 2,فیلم,کیلسی مان,"انیمیشن, کمدی, خانوادگی",3.16,10,4,278,24,Elham952,elham952@example.com,,به هیچ وجه پیشنهاد نمی‌کنم.
14,Inside Out 2,فیلم,کیلسی مان,"انیمیشن, کمدی, خانوادگی",3.16,10,4,278,24,Amir456,amir456@example.com,,پایان‌بندی عجیبی داشت، سردرگم شدم!
14,Inside Out 2,فیلم,کیلسی مان,"انیمیشن, کمدی, خانوادگی",3.16,10,4,278,24,Fatemeh779,fatemeh779@example.com,,دیالوگ‌ها بسیار قوی و ماندگار.
14,Inside Out 2,فیلم,کیلسی مان,"انیمیشن, کمدی, خانوادگی",3.16,10,4,278,24,Hossein94,hossein94@example.com,,شاهکار! بدون شک جزو بهترین‌هاست.
11,Deadpool 3,فیلم,شان لوی,"اکشن, کمدی, علمی-تخیلی",3.80,11,4,307,21,Tuser,,3,
11,Deadpool 3,فیلم,شان لوی,"اکشن, کمدی, علمی-تخیلی",3.80,11,4,307,21,loginTest,,2,
11,Deadpool 3,فیلم,شان لوی,"اکشن, کمدی, علمی-تخیلی",3.80,11,4,307,21,Ali741,ali741@example.com,4,
11,Deadpool 3,فیلم,شان لوی,"اکشن, کمدی, علمی-تخیلی",3.80,11,4,307,21,Mohammad363,mohammad363@example.com,4,
11,Deadpool 3,فیلم,شان لوی,"اکشن, کمدی, علمی-تخیلی",3.80,11,4,307,21,Sara236,sara236@example.com,5,
11,Deadpool 3,فیلم,شان لوی,"اکشن, کمدی, علمی-تخیلی",3.80,11,4,307,21,Neda911,neda911@example.com,5,
11,Deadpool 3,فیلم,شان لوی,"اکشن, کمدی, علمی-تخیلی",3.80,11,4,307,21,Hossein94,hossein94@example.com,4,
11,Deadpool 3,فیلم,شان لوی,"اکشن, کمدی, علمی-تخیلی",3.80,11,4,307,21,Fatemeh779,fatemeh779@example.com,1,
11,Deadpool 3,فیلم,شان لوی,"اکشن, کمدی, علمی-تخیلی",3.80,11,4,307,21,Tara392,tara392@example.com,5,
11,Deadpool 3,فیلم,شان لوی,"اکشن, کمدی, علمی-تخیلی",3.80,11,4,307,21,Arman629,arman629@example.com,5,
11,Deadpool 3,فیلم,شان لوی,"اکشن, کمدی, علمی-تخیلی",3.80,11,4,307,21,Niloofar373,niloofar373@example.com,3,
11,Deadpool 3,فیلم,شان لوی,"اکشن, کمدی, علمی-تخیلی",3.80,11,4,307,21,Pouria534,pouria534@example.com,,خیلی طولانی بود، خسته‌کننده.
11,Deadpool 3,فیلم,شان لوی,"اکشن, کمدی, علمی-تخیلی",3.80,11,4,307,21,Arman629,arman629@example.com,,صحنه‌های اکشن فوق‌العاده.
11,Deadpool 3,فیلم,شان لوی,"اکشن, کمدی, علمی-تخیلی",3.80,11,4,307,21,Mohammad363,mohammad363@example.com,,بد نبود، اما می‌توانست بهتر باشد.
11,Deadpool 3,فیلم,شان لوی,"اکشن, کمدی, علمی-تخیلی",3.80,11,4,307,21,loginTest,,,شاهکار! بدون شک جزو بهترین‌هاست.
12,Spider-Man: Beyond the Spider-Verse,فیلم,خواکیم دوس سانتوس,"انیمیشن, اکشن, ماجراجویی",3.45,10,3,247,43,loginTest,,1,
12,Spider-Man: Beyond the Spider-Verse,فیلم,خواکیم دوس سانتوس,"انیمیشن, اکشن, ماجراجویی",3.45,10,3,247,43,Sara236,sara236@example.com,3,
12,Spider-Man: Beyond the Spider-Verse,فیلم,خواکیم دوس سانتوس,"انیمیشن, اکشن, ماجراجویی",3.45,10,3,247,43,Neda911,neda911@example.com,4,
12,Spider-Man: Beyond the Spider-Verse,فیلم,خواکیم دوس سانتوس,"انیمیشن, اکشن, ماجراجویی",3.45,10,3,247,43,Hossein94,hossein94@example.com,2,
12,Spider-Man: Beyond the Spider-Verse,فیلم,خواکیم دوس سانتوس,"انیمیشن, اکشن, ماجراجویی",3.45,10,3,247,43,Mahdi175,mahdi175@example.com,5,
12,Spider-Man: Beyond the Spider-Verse,فیلم,خواکیم دوس سانتوس,"انیمیشن, اکشن, ماجراجویی",3.45,10,3,247,43,Saman76,saman76@example.com,1,
12,Spider-Man: Beyond the Spider-Verse,فیلم,خواکیم دوس سانتوس,"انیمیشن, اکشن, ماجراجویی",3.45,10,3,247,43,Kaveh21,kaveh21@example.com,5,
12,Spider-Man: Beyond the Spider-Verse,فیلم,خواکیم دوس سانتوس,"انیمیشن, اکشن, ماجراجویی",3.45,10,3,247,43,Leyla445,leyla445@example.com,4,
12,Spider-Man: Beyond the Spider-Verse,فیلم,خواکیم دوس سانتوس,"انیمیشن, اکشن, ماجراجویی",3.45,10,3,247,43,Niloofar373,niloofar373@example.com,5,
12,Spider-Man: Beyond the Spider-Verse,فیلم,خواکیم دوس سانتوس,"انیمیشن, اکشن, ماجراجویی",3.45,10,3,247,43,Behnam387,behnam387@example.com,5,
12,Spider-Man: Beyond the Spider-Verse,فیلم,خواکیم دوس سانتوس,"انیمیشن, اکشن, ماجراجویی",3.45,10,3,247,43,Behnam387,behnam387@example.com,,شاهکار! بدون شک جزو بهترین‌هاست.
12,Spider-Man: Beyond the Spider-Verse,فیلم,خواکیم دوس سانتوس,"انیمیشن, اکشن, ماجراجویی",3.45,10,3,247,43,Elham952,elham952@example.com,,بر اساس کتاب بود؟ کتاب خیلی بهتر بود.
12,Spider-Man: Beyond the Spider-Verse,فیلم,خواکیم دوس سانتوس,"انیمیشن, اکشن, ماجراجویی",3.45,10,3,247,43,Tuser,,,دکور و لباس‌ها حرفه‌ای بود.
13,Gladiator 2,فیلم,ریدلی اسکات,"اکشن, درام, تاریخی",3.24,10,3,263,32,loginTest,,2,
13,Gladiator 2,فیلم,ریدلی اسکات,"اکشن, درام, تاریخی",3.24,10,3,263,32,Ali741,ali741@example.com,2,
13,Gladiator 2,فیلم,ریدلی اسکات,"اکشن, درام, تاریخی",3.24,10,3,263,32,Reza572,reza572@example.com,5,
13,Gladiator 2,فیلم,ریدلی اسکات,"اکشن, درام, تاریخی",3.24,10,3,263,32,Neda911,neda911@example.com,1,
13,Gladiator 2,فیلم,ریدلی اسکات,"اکشن, درام, تاریخی",3.24,10,3,263,32,Zahra47,zahra47@example.com,4,
13,Gladiator 2,فیلم,ریدلی اسکات,"اکشن, درام, تاریخی",3.24,10,3,263,32,Fatemeh779,fatemeh779@example.com,4,
13,Gladiator 2,فیلم,ریدلی اسکات,"اکشن, درام, تاریخی",3.24,10,3,263,32,Saman76,saman76@example.com,5,
13,Gladiator 2,فیلم,ریدلی اسکات,"اکشن, درام, تاریخی",3.24,10,3,263,32,Niloofar373,niloofar373@example.com,4,
13,Gladiator 2,فیلم,ریدلی اسکات,"اکشن, درام, تاریخی",3.24,10,3,263,32,Elham952,elham952@example.com,3,
13,Gladiator 2,فیلم,ریدلی اسکات,"اکشن, درام, تاریخی",3.24,10,3,263,32,Behnam387,behnam387@example.com,1,
13,Gladiator 2,فیلم,ریدلی اسکات,"اکشن, درام, تاریخی",3.24,10,3,263,32,Maryam881,maryam881@example.com,,ارزش دیدن دارد، اما نه بیشتر.
13,Gladiator 2,فیلم,ریدلی اسکات,"اکشن, درام, تاریخی",3.24,10,3,263,32,Hossein94,hossein94@example.com,,دکور و لباس‌ها حرفه‌ای بود.
13,Gladiator 2,فیلم,ریدلی اسکات,"اکشن, درام, تاریخی",3.24,10,3,263,32,Neda911,neda911@example.com,,شاهکار! بدون شک جزو بهترین‌هاست.
10,Barbie,فیلم,گرتا گرویک,"کمدی, ماجراجویی, فانتزی",3.27,13,2,270,30,loginTest,,2,
10,Barbie,فیلم,گرتا گرویک,"کمدی, ماجراجویی, فانتزی",3.27,13,2,270,30,Ali741,ali741@example.com,3,
10,Barbie,فیلم,گرتا گرویک,"کمدی, ماجراجویی, فانتزی",3.27,13,2,270,30,Reza572,reza572@example.com,1,
10,Barbie,فیلم,گرتا گرویک,"کمدی, ماجراجویی, فانتزی",3.27,13,2,270,30,Sara236,sara236@example.com,5,
10,Barbie,فیلم,گرتا گرویک,"کمدی, ماجراجویی, فانتزی",3.27,13,2,270,30,Neda911,neda911@example.com,3,
10,Barbie,فیلم,گرتا گرویک,"کمدی, ماجراجویی, فانتزی",3.27,13,2,270,30,Zahra47,zahra47@example.com,5,
10,Barbie,فیلم,گرتا گرویک,"کمدی, ماجراجویی, فانتزی",3.27,13,2,270,30,Mahdi175,mahdi175@example.com,3,
10,Barbie,فیلم,گرتا گرویک,"کمدی, ماجراجویی, فانتزی",3.27,13,2,270,30,Fatemeh779,fatemeh779@example.com,3,
10,Barbie,فیلم,گرتا گرویک,"کمدی, ماجراجویی, فانتزی",3.27,13,2,270,30,Amir456,amir456@example.com,4,
10,Barbie,فیلم,گرتا گرویک,"کمدی, ماجراجویی, فانتزی",3.27,13,2,270,30,Maryam881,maryam881@example.com,2,
10,Barbie,فیلم,گرتا گرویک,"کمدی, ماجراجویی, فانتزی",3.27,13,2,270,30,Saman76,saman76@example.com,2,
10,Barbie,فیلم,گرتا گرویک,"کمدی, ماجراجویی, فانتزی",3.27,13,2,270,30,Leyla445,leyla445@example.com,5,
10,Barbie,فیلم,گرتا گرویک,"کمدی, ماجراجویی, فانتزی",3.27,13,2,270,30,Behnam387,behnam387@example.com,5,
10,Barbie,فیلم,گرتا گرویک,"کمدی, ماجراجویی, فانتزی",3.27,13,2,270,30,Behnam387,behnam387@example.com,,بر اساس کتاب بود؟ کتاب خیلی بهتر بود.
10,Barbie,فیلم,گرتا گرویک,"کمدی, ماجراجویی, فانتزی",3.27,13,2,270,30,loginTest,,,شاهکار! بدون شک جزو بهترین‌هاست.
6,Superman,فیلم,جیمز گان,"اکشن, ماجراجویی, فانتزی",3.43,7,5,238,14,loginTest,,3,
6,Superman,فیلم,جیمز گان,"اکشن, ماجراجویی, فانتزی",3.43,7,5,238,14,Neda911,neda911@example.com,4,
6,Superman,فیلم,جیمز گان,"اکشن, ماجراجویی, فانتزی",3.43,7,5,238,14,Zahra47,zahra47@example.com,4,
6,Superman,فیلم,جیمز گان,"اکشن, ماجراجویی, فانتزی",3.43,7,5,238,14,Fatemeh779,fatemeh779@example.com,2,
6,Superman,فیلم,جیمز گان,"اکشن, ماجراجویی, فانتزی",3.43,7,5,238,14,Amir456,amir456@example.com,2,
6,Superman,فیلم,جیمز گان,"اکشن, ماجراجویی, فانتزی",3.43,7,5,238,14,Kaveh21,kaveh21@example.com,4,
6,Superman,فیلم,جیمز گان,"اکشن, ماجراجویی, فانتزی",3.43,7,5,238,14,Pouria534,pouria534@example.com,5,
6,Superman,فیلم,جیمز گان,"اکشن, ماجراجویی, فانتزی",3.43,7,5,238,14,Elham952,elham952@example.com,,جزو بهترین‌هایی بود که دیدم!
6,Superman,فیلم,جیمز گان,"اکشن, ماجراجویی, فانتزی",3.43,7,5,238,14,Leyla445,leyla445@example.com,,فیلم فوق‌العاده‌ای بود! حتماً ببینید.
6,Superman,فیلم,جیمز گان,"اکشن, ماجراجویی, فانتزی",3.43,7,5,238,14,Zahra47,zahra47@example.com,,قسمت اول بهتر از این بود.
6,Superman,فیلم,جیمز گان,"اکشن, ماجراجویی, فانتزی",3.43,7,5,238,14,Neda911,neda911@example.com,,جزو بهترین‌هایی بود که دیدم!
6,Superman,فیلم,جیمز گان,"اکشن, ماجراجویی, فانتزی",3.43,7,5,238,14,loginTest,,,دکور و لباس‌ها حرفه‌ای بود.
7,The Batman 2,فیلم,مت ریوز,"اکشن, جنایی, درام",3.07,9,3,225,36,Tuser,,5,
7,The Batman 2,فیلم,مت ریوز,"اکشن, جنایی, درام",3.07,9,3,225,36,Ali741,ali741@example.com,3,
7,The Batman 2,فیلم,مت ریوز,"اکشن, جنایی, درام",3.07,9,3,225,36,Mohammad363,mohammad363@example.com,2,
7,The Batman 2,فیلم,مت ریوز,"اکشن, جنایی, درام",3.07,9,3,225,36,Hossein94,hossein94@example.com,5,
7,The Batman 2,فیلم,مت ریوز,"اکشن, جنایی, درام",3.07,9,3,225,36,Saman76,saman76@example.com,1,
7,The Batman 2,فیلم,مت ریوز,"اکشن, جنایی, درام",3.07,9,3,225,36,Kaveh21,kaveh21@example.com,1,
7,The Batman 2,فیلم,مت ریوز,"اکشن, جنایی, درام",3.07,9,3,225,36,Leyla445,leyla445@example.com,5,
7,The Batman 2,فیلم,مت ریوز,"اکشن, جنایی, درام",3.07,9,3,225,36,Niloofar373,niloofar373@example.com,2,
7,The Batman 2,فیلم,مت ریوز,"اکشن, جنایی, درام",3.07,9,3,225,36,Pouria534,pouria534@example.com,5,
7,The Batman 2,فیلم,مت ریوز,"اکشن, جنایی, درام",3.07,9,3,225,36,Sara236,sara236@example.com,,شاهکار! بدون شک جزو بهترین‌هاست.
7,The Batman 2,فیلم,مت ریوز,"اکشن, جنایی, درام",3.07,9,3,225,36,Mohammad363,mohammad363@example.com,,من که لذت بردم، دوست داشتنی بود.
7,The Batman 2,فیلم,مت ریوز,"اکشن, جنایی, درام",3.07,9,3,225,36,Tuser,,,ارزش دیدن دارد، اما نه بیشتر.
8,Joker: Folie à Deux,فیلم,تاد فیلیپس,"درام, موزیکال, دلهره‌آور",3.62,6,3,185,16,Hossein94,hossein94@example.com,3,
8,Joker: Folie à Deux,فیلم,تاد فیلیپس,"درام, موزیکال, دلهره‌آور",3.62,6,3,185,16,Zahra47,zahra47@example.com,3,
8,Joker: Folie à Deux,فیلم,تاد فیلیپس,"درام, موزیکال, دلهره‌آور",3.62,6,3,185,16,Mahdi175,mahdi175@example.com,5,
8,Joker: Folie à Deux,فیلم,تاد فیلیپس,"درام, موزیکال, دلهره‌آور",3.62,6,3,185,16,Fatemeh779,fatemeh779@example.com,4,
8,Joker: Folie à Deux,فیلم,تاد فیلیپس,"درام, موزیکال, دلهره‌آور",3.62,6,3,185,16,Saman76,saman76@example.com,3,
8,Joker: Folie à Deux,فیلم,تاد فیلیپس,"درام, موزیکال, دلهره‌آور",3.62,6,3,185,16,Kaveh21,kaveh21@example.com,5,
8,Joker: Folie à Deux,فیلم,تاد فیلیپس,"درام, موزیکال, دلهره‌آور",3.62,6,3,185,16,Behnam387,behnam387@example.com,,به هیچ وجه پیشنهاد نمی‌کنم.
8,Joker: Folie à Deux,فیلم,تاد فیلیپس,"درام, موزیکال, دلهره‌آور",3.62,6,3,185,16,Saman76,saman76@example.com,,بازیگر نقش منفی عالی بود.
8,Joker: Folie à Deux,فیلم,تاد فیلیپس,"درام, موزیکال, دلهره‌آور",3.62,6,3,185,16,Zahra47,zahra47@example.com,,فیلمنامه ضعیف، بازیگری خوب.
9,Oppenheimer,فیلم,کریستوفر نولان,"بیوگرافی, درام, تاریخی",3.78,13,4,304,50,Tuser,,2,
9,Oppenheimer,فیلم,کریستوفر نولان,"بیوگرافی, درام, تاریخی",3.78,13,4,304,50,Ali741,ali741@example.com,5,
9,Oppenheimer,فیلم,کریستوفر نولان,"بیوگرافی, درام, تاریخی",3.78,13,4,304,50,Reza572,reza572@example.com,5,
9,Oppenheimer,فیلم,کریستوفر نولان,"بیوگرافی, درام, تاریخی",3.78,13,4,304,50,Sara236,sara236@example.com,5,
9,Oppenheimer,فیلم,کریستوفر نولان,"بیوگرافی, درام, تاریخی",3.78,13,4,304,50,Hossein94,hossein94@example.com,2,
9,Oppenheimer,فیلم,کریستوفر نولان,"بیوگرافی, درام, تاریخی",3.78,13,4,304,50,Mahdi175,mahdi175@example.com,5,
9,Oppenheimer,فیلم,کریستوفر نولان,"بیوگرافی, درام, تاریخی",3.78,13,4,304,50,Fatemeh779,fatemeh779@example.com,5,
9,Oppenheimer,فیلم,کریستوفر نولان,"بیوگرافی, درام, تاریخی",3.78,13,4,304,50,Amir456,amir456@example.com,4,
9,Oppenheimer,فیلم,کریستوفر نولان,"بیوگرافی, درام, تاریخی",3.78,13,4,304,50,Saman76,saman76@example.com,4,
9,Oppenheimer,فیلم,کریستوفر نولان,"بیوگرافی, درام, تاریخی",3.78,13,4,304,50,Leyla445,leyla445@example.com,2,
9,Oppenheimer,فیلم,کریستوفر نولان,"بیوگرافی, درام, تاریخی",3.78,13,4,304,50,Arman629,arman629@example.com,3,
9,Oppenheimer,فیلم,کریستوفر نولان,"بیوگرافی, درام, تاریخی",3.78,13,4,304,50,Pouria534,pouria534@example.com,4,
9,Oppenheimer,فیلم,کریستوفر نولان,"بیوگرافی, درام, تاریخی",3.78,13,4,304,50,Behnam387,behnam387@example.com,4,
9,Oppenheimer,فیلم,کریستوفر نولان,"بیوگرافی, درام, تاریخی",3.78,13,4,304,50,Behnam387,behnam387@example.com,,از همان دقیقه اول جذبم کرد.
9,Oppenheimer,فیلم,کریستوفر نولان,"بیوگرافی, درام, تاریخی",3.78,13,4,304,50,Kaveh21,kaveh21@example.com,,از همان دقیقه اول جذبم کرد.
9,Oppenheimer,فیلم,کریستوفر نولان,"بیوگرافی, درام, تاریخی",3.78,13,4,304,50,Tara392,tara392@example.com,,من که لذت بردم، دوست داشتنی بود.
9,Oppenheimer,فیلم,کریستوفر نولان,"بیوگرافی, درام, تاریخی",3.78,13,4,304,50,Mahdi175,mahdi175@example.com,,بازیگر نقش منفی عالی بود.
3,The Odyssey,فیلم,کریستوفر نولان,"اکشن, ماجراجویی, حماسی",2.78,8,1,228,14,Ali741,ali741@example.com,1,
3,The Odyssey,فیلم,کریستوفر نولان,"اکشن, ماجراجویی, حماسی",2.78,8,1,228,14,Sara236,sara236@example.com,2,
3,The Odyssey,فیلم,کریستوفر نولان,"اکشن, ماجراجویی, حماسی",2.78,8,1,228,14,Hossein94,hossein94@example.com,4,
3,The Odyssey,فیلم,کریستوفر نولان,"اکشن, ماجراجویی, حماسی",2.78,8,1,228,14,Fatemeh779,fatemeh779@example.com,4,
3,The Odyssey,فیلم,کریستوفر نولان,"اکشن, ماجراجویی, حماسی",2.78,8,1,228,14,Amir456,amir456@example.com,1,
3,The Odyssey,فیلم,کریستوفر نولان,"اکشن, ماجراجویی, حماسی",2.78,8,1,228,14,Maryam881,maryam881@example.com,1,
3,The Odyssey,فیلم,کریستوفر نولان,"اکشن, ماجراجویی, حماسی",2.78,8,1,228,14,Leyla445,leyla445@example.com,5,
3,The Odyssey,فیلم,کریستوفر نولان,"اکشن, ماجراجویی, حماسی",2.78,8,1,228,14,Niloofar373,niloofar373@example.com,5,
3,The Odyssey,فیلم,کریستوفر نولان,"اکشن, ماجراجویی, حماسی",2.78,8,1,228,14,Tuser,,,دکور و لباس‌ها حرفه‌ای بود.
4,Dune: Messiah,فیلم,دنی ویلنوو,"علمی-تخیلی, حماسی, درام",3.23,9,4,261,34,Mohammad363,mohammad363@example.com,5,
4,Dune: Messiah,فیلم,دنی ویلنوو,"علمی-تخیلی, حماسی, درام",3.23,9,4,261,34,Sara236,sara236@example.com,3,
4,Dune: Messiah,فیلم,دنی ویلنوو,"علمی-تخیلی, حماسی, درام",3.23,9,4,261,34,Neda911,neda911@example.com,1,
4,Dune: Messiah,فیلم,دنی ویلنوو,"علمی-تخیلی, حماسی, درام",3.23,9,4,261,34,Hossein94,hossein94@example.com,4,
4,Dune: Messiah,فیلم,دنی ویلنوو,"علمی-تخیلی, حماسی, درام",3.23,9,4,261,34,Mahdi175,mahdi175@example.com,5,
4,Dune: Messiah,فیلم,دنی ویلنوو,"علمی-تخیلی, حماسی, درام",3.23,9,4,261,34,Fatemeh779,fatemeh779@example.com,3,
4,Dune: Messiah,فیلم,دنی ویلنوو,"علمی-تخیلی, حماسی, درام",3.23,9,4,261,34,Amir456,amir456@example.com,3,
4,Dune: Messiah,فیلم,دنی ویلنوو,"علمی-تخیلی, حماسی, درام",3.23,9,4,261,34,Niloofar373,niloofar373@example.com,2,
4,Dune: Messiah,فیلم,دنی ویلنوو,"علمی-تخیلی, حماسی, درام",3.23,9,4,261,34,Elham952,elham952@example.com,3,
4,Dune: Messiah,فیلم,دنی ویلنوو,"علمی-تخیلی, حماسی, درام",3.23,9,4,261,34,Pouria534,pouria534@example.com,,دکور و لباس‌ها حرفه‌ای بود.
4,Dune: Messiah,فیلم,دنی ویلنوو,"علمی-تخیلی, حماسی, درام",3.23,9,4,261,34,Niloofar373,niloofar373@example.com,,حتماً قسمت دوم را هم خواهم دید.
4,Dune: Messiah,فیلم,دنی ویلنوو,"علمی-تخیلی, حماسی, درام",3.23,9,4,261,34,Saman76,saman76@example.com,,وقت تلف کردن، اصلاً ارزش نداشت.
4,Dune: Messiah,فیلم,دنی ویلنوو,"علمی-تخیلی, حماسی, درام",3.23,9,4,261,34,Amir456,amir456@example.com,,بازیگر نقش منفی عالی بود.
5,Mickey 17,فیلم,بونگ جون-هو,"علمی-تخیلی, ماجراجویی, درام",3.34,14,3,322,56,Tuser,,5,
5,Mickey 17,فیلم,بونگ جون-هو,"علمی-تخیلی, ماجراجویی, درام",3.34,14,3,322,56,Reza572,reza572@example.com,4,
5,Mickey 17,فیلم,بونگ جون-هو,"علمی-تخیلی, ماجراجویی, درام",3.34,14,3,322,56,Mohammad363,mohammad363@example.com,2,
5,Mickey 17,فیلم,بونگ جون-هو,"علمی-تخیلی, ماجراجویی, درام",3.34,14,3,322,56,Sara236,sara236@example.com,3,
5,Mickey 17,فیلم,بونگ جون-هو,"علمی-تخیلی, ماجراجویی, درام",3.34,14,3,322,56,Neda911,neda911@example.com,5,
5,Mickey 17,فیلم,بونگ جون-هو,"علمی-تخیلی, ماجراجویی, درام",3.34,14,3,322,56,Hossein94,hossein94@example.com,5,
5,Mickey 17,فیلم,بونگ جون-هو,"علمی-تخیلی, ماجراجویی, درام",3.34,14,3,322,56,Zahra47,zahra47@example.com,4,
5,Mickey 17,فیلم,بونگ جون-هو,"علمی-تخیلی, ماجراجویی, درام",3.34,14,3,322,56,Mahdi175,mahdi175@example.com,3,
5,Mickey 17,فیلم,بونگ جون-هو,"علمی-تخیلی, ماجراجویی, درام",3.34,14,3,322,56,Amir456,amir456@example.com,2,
5,Mickey 17,فیلم,بونگ جون-هو,"علمی-تخیلی, ماجراجویی, درام",3.34,14,3,322,56,Maryam881,maryam881@example.com,4,
5,Mickey 17,فیلم,بونگ جون-هو,"علمی-تخیلی, ماجراجویی, درام",3.34,14,3,322,56,Tara392,tara392@example.com,4,
5,Mickey 17,فیلم,بونگ جون-هو,"علمی-تخیلی, ماجراجویی, درام",3.34,14,3,322,56,Kaveh21,kaveh21@example.com,3,
5,Mickey 17,فیلم,بونگ جون-هو,"علمی-تخیلی, ماجراجویی, درام",3.34,14,3,322,56,Pouria534,pouria534@example.com,1,
5,Mickey 17,فیلم,بونگ جون-هو,"علمی-تخیلی, ماجراجویی, درام",3.34,14,3,322,56,Elham952,elham952@example.com,5,
5,Mickey 17,فیلم,بونگ جون-هو,"علمی-تخیلی, ماجراجویی, درام",3.34,14,3,322,56,Behnam387,behnam387@example.com,,دکور و لباس‌ها حرفه‌ای بود.
5,Mickey 17,فیلم,بونگ جون-هو,"علمی-تخیلی, ماجراجویی, درام",3.34,14,3,322,56,Mahdi175,mahdi175@example.com,,نمی‌فهمم چرا اینقدر معروف شده!
5,Mickey 17,فیلم,بونگ جون-هو,"علمی-تخیلی, ماجراجویی, درام",3.34,14,3,322,56,Hossein94,hossein94@example.com,,تکنیکال عالی، داستان متوسط.
2,28 Years Later: The Bone Temple 2026,فیلم,Nia DaCosta,ترسناک,3.41,8,1,221,14,Tuser,,2,
2,28 Years Later: The Bone Temple 2026,فیلم,Nia DaCosta,ترسناک,3.41,8,1,221,14,Reza572,reza572@example.com,3,
2,28 Years Later: The Bone Temple 2026,فیلم,Nia DaCosta,ترسناک,3.41,8,1,221,14,Mohammad363,mohammad363@example.com,5,
2,28 Years Later: The Bone Temple 2026,فیلم,Nia DaCosta,ترسناک,3.41,8,1,221,14,Neda911,neda911@example.com,1,
2,28 Years Later: The Bone Temple 2026,فیلم,Nia DaCosta,ترسناک,3.41,8,1,221,14,Zahra47,zahra47@example.com,5,
2,28 Years Later: The Bone Temple 2026,فیلم,Nia DaCosta,ترسناک,3.41,8,1,221,14,Mahdi175,mahdi175@example.com,4,
2,28 Years Later: The Bone Temple 2026,فیلم,Nia DaCosta,ترسناک,3.41,8,1,221,14,Arman629,arman629@example.com,5,
2,28 Years Later: The Bone Temple 2026,فیلم,Nia DaCosta,ترسناک,3.41,8,1,221,14,Behnam387,behnam387@example.com,3,
2,28 Years Later: The Bone Temple 2026,فیلم,Nia DaCosta,ترسناک,3.41,8,1,221,14,Pouria534,pouria534@example.com,,جزو بهترین‌هایی بود که دیدم!
