شناسه امتیاز,کاربر,محصول,امتیاز,تاریخ ثبت
3,Tuser,The Green Mile,2,2026-05-23
4,Tuser,The Batman 2,5,2026-05-23
5,Tuser,The Father,2,2026-05-23
6,Tuser,The Silence of the Lambs,1,2026-05-23
7,Tuser,Gladiator,2,2026-05-23
8,Tuser,Breaking Bad,3,2026-05-23
9,Tuser,Fight Club,3,2026-05-23
10,Tuser,Stranger Things,4,2026-05-23
11,Tuser,Dark,4,2026-05-23
12,Tuser,28 Years Later: The Bone Temple 2026,2,2026-05-23
13,Tuser,Spirited Away,5,2026-05-23
14,Tuser,The Matrix,5,2026-05-23
15,Tuser,Schindler's List,3,2026-05-23
16,Tuser,Parasite,3,2026-05-23
17,Tuser,Whiplash,5,2026-05-23
18,Tuser,Mickey 17,5,2026-05-23
19,Tuser,Deadpool 3,3,2026-05-23
20,Tuser,Cinema Paradiso,3,2026-05-23
21,Tuser,Spider-Man: Across the Spider-Verse,2,2026-05-23
22,Tuser,The Lord of the Rings: The Return of the King,3,2026-05-23
23,Tuser,Chernobyl,3,2026-05-23
24,Tuser,Oppenheimer,2,2026-05-23
25,Tuser,Inception,3,2026-05-23
26,Tuser,Peaky Blinders,2,2026-05-23
27,loginTest,Barbie,2,2026-05-23
28,loginTest,Cinema Paradiso,2,2026-05-23
29,loginTest,3 Idiots,5,2026-05-23
30,loginTest,The Godfather,5,2026-05-23
31,loginTest,The Wire,5,2026-05-23
32,loginTest,Gladiator 2,2,2026-05-23
33,loginTest,The Shawshank Redemption,3,2026-05-23
34,loginTest,The Intouchables,4,2026-05-23
35,loginTest,Spider-Man: Beyond the Spider-Verse,1,2026-05-23
36,loginTest,Band of Brothers,4,2026-05-23
37,loginTest,The Boys,1,2026-05-23
38,loginTest,The Prestige,2,2026-05-23
39,loginTest,Inside Out 2,4,2026-05-23
40,loginTest,The Mandalorian,1,2026-05-23
41,loginTest,The Crown,4,2026-05-23
42,loginTest,Pulp Fiction,5,2026-05-23
43,loginTest,Saving Private Ryan,4,2026-05-23
44,loginTest,Fight Club,3,2026-05-23
45,loginTest,Deadpool 3,2,2026-05-23
46,loginTest,Succession,3,2026-05-23
47,loginTest,The Lord of the Rings: The Return of the King,4,2026-05-23
48,loginTest,Dark,4,2026-05-23
49,loginTest,The Green Mile,2,2026-05-23
50,loginTest,Gladiator,1,2026-05-23
51,loginTest,Superman,3,2026-05-23
52,loginTest,City of God,2,2026-05-23
53,Ali741,Coco,2,2026-05-23
54,Ali741,Forrest Gump,3,2026-05-23
55,Ali741,The Last of Us,2,2026-05-23
56,Ali741,Schindler's List,2,2026-05-23
57,Ali741,Chernobyl,5,2026-05-23
58,Ali741,The Crown,2,2026-05-23
59,Ali741,Spider-Man: Across the Spider-Verse,5,2026-05-23
60,Ali741,The Green Mile,5,2026-05-23
61,Ali741,Barbie,3,2026-05-23
62,Ali741,Seven Samurai,4,2026-05-23
63,Ali741,City of God,5,2026-05-23
64,Ali741,The Shawshank Redemption,2,2026-05-23
65,Ali741,The Sopranos,3,2026-05-23
66,Ali741,The Silence of the Lambs,5,2026-05-23
67,Ali741,The Mandalorian,3,2026-05-23
68,Ali741,Succession,5,2026-05-23
69,Ali741,Gladiator 2,2,2026-05-23
70,Ali741,Peaky Blinders,3,2026-05-23
71,Ali741,Gladiator,5,2026-05-23
72,Ali741,The Prestige,4,2026-05-23
73,Ali741,Band of Brothers,2,2026-05-23
74,Ali741,The Batman 2,3,2026-05-23
75,Ali741,Oppenheimer,5,2026-05-23
76,Ali741,Whiplash,5,2026-05-23
77,Ali741,Deadpool 3,4,2026-05-23
78,Ali741,The Odyssey,1,2026-05-23
79,Ali741,Dark,1,2026-05-23
80,Ali741,Interstellar,5,2026-05-23
81,Reza572,The Crown,5,2026-05-23
82,Reza572,Oppenheimer,5,2026-05-23
83,Reza572,The Sopranos,2,2026-05-23
84,Reza572,Seven Samurai,3,2026-05-23
85,Reza572,The Boys,4,2026-05-23
86,Reza572,The Prestige,3,2026-05-23
87,Reza572,Fargo,5,2026-05-23
88,Reza572,Gladiator 2,5,2026-05-23
89,Reza572,The Shawshank Redemption,3,2026-05-23
90,Reza572,3 Idiots,2,2026-05-23
91,Reza572,Mickey 17,4,2026-05-23
92,Reza572,The Mandalorian,2,2026-05-23
93,Reza572,Come and See,3,2026-05-23
94,Reza572,Goodfellas,5,2026-05-23
95,Reza572,Better Call Saul,4,2026-05-23
96,Reza572,28 Years Later: The Bone Temple 2026,3,2026-05-23
97,Reza572,Stranger Things,3,2026-05-23
98,Reza572,The Wire,5,2026-05-23
99,Reza572,Fight Club,3,2026-05-23
100,Reza572,1917,3,2026-05-23
101,Reza572,Parasite,1,2026-05-23
102,Reza572,Your Name (Kimi no Na wa),3,2026-05-23
103,Reza572,Inside Out 2,4,2026-05-23
104,Reza572,Barbie,1,2026-05-23
105,Reza572,Gladiator,4,2026-05-23
106,Reza572,Forrest Gump,4,2026-05-23
107,Reza572,Cinema Paradiso,3,2026-05-23
108,Mohammad363,The Batman 2,2,2026-05-23
109,Mohammad363,Breaking Bad,3,2026-05-23
110,Mohammad363,Interstellar,1,2026-05-23
111,Mohammad363,Band of Brothers,5,2026-05-23
112,Mohammad363,The Shawshank Redemption,5,2026-05-23
113,Mohammad363,Come and See,4,2026-05-23
114,Mohammad363,Better Call Saul,5,2026-05-23
115,Mohammad363,28 Years Later: The Bone Temple 2026,5,2026-05-23
116,Mohammad363,Dune: Part Two,1,2026-05-23
117,Mohammad363,Cinema Paradiso,5,2026-05-23
118,Mohammad363,The Wire,2,2026-05-23
119,Mohammad363,Inside Out 2,3,2026-05-23
120,Mohammad363,1917,3,2026-05-23
121,Mohammad363,Deadpool 3,4,2026-05-23
122,Mohammad363,Mickey 17,2,2026-05-23
123,Mohammad363,Dune: Messiah,5,2026-05-23
124,Mohammad363,Black Mirror,4,2026-05-23
125,Mohammad363,City of God,5,2026-05-23
126,Mohammad363,The Mandalorian,5,2026-05-23
127,Mohammad363,3 Idiots,1,2026-05-23
128,Sara236,Oppenheimer,5,2026-05-23
129,Sara236,The Silence of the Lambs,5,2026-05-23
130,Sara236,The Wire,4,2026-05-23
131,Sara236,Barbie,5,2026-05-23
132,Sara236,Come and See,5,2026-05-23
133,Sara236,Whiplash,3,2026-05-23
134,Sara236,Mickey 17,3,2026-05-23
135,Sara236,The Mandalorian,1,2026-05-23
136,Sara236,Band of Brothers,3,2026-05-23
137,Sara236,Spirited Away,5,2026-05-23
138,Sara236,Forrest Gump,2,2026-05-23
139,Sara236,The Godfather,5,2026-05-23
140,Sara236,Dune: Messiah,3,2026-05-23
141,Sara236,The Prestige,1,2026-05-23
142,Sara236,Fight Club,5,2026-05-23
143,Sara236,The Odyssey,2,2026-05-23
144,Sara236,Pulp Fiction,3,2026-05-23
145,Sara236,Deadpool 3,5,2026-05-23
146,Sara236,Spider-Man: Beyond the Spider-Verse,3,2026-05-23
147,Sara236,Fargo,1,2026-05-23
148,Sara236,Parasite,2,2026-05-23
149,Neda911,Stranger Things,3,2026-05-23
150,Neda911,28 Years Later: The Bone Temple 2026,1,2026-05-23
151,Neda911,Cinema Paradiso,1,2026-05-23
152,Neda911,Interstellar,5,2026-05-23
153,Neda911,Black Mirror,1,2026-05-23
154,Neda911,The Wire,2,2026-05-23
155,Neda911,Spider-Man: Beyond the Spider-Verse,4,2026-05-23
156,Neda911,The Silence of the Lambs,2,2026-05-23
157,Neda911,The Intouchables,4,2026-05-23
158,Neda911,The Prestige,5,2026-05-23
159,Neda911,The Matrix,2,2026-05-23
160,Neda911,The Last of Us,1,2026-05-23
161,Neda911,Deadpool 3,5,2026-05-23
162,Neda911,Gladiator,3,2026-05-23
163,Neda911,3 Idiots,2,2026-05-23
164,Neda911,The Father,4,2026-05-23
165,Neda911,Barbie,3,2026-05-23
166,Neda911,Pulp Fiction,3,2026-05-23
167,Neda911,Seven Samurai,4,2026-05-23
168,Neda911,Goodfellas,4,2026-05-23
169,Neda911,The Green Mile,2,2026-05-23
170,Neda911,Superman,4,2026-05-23
171,Neda911,Gladiator 2,1,2026-05-23
172,Neda911,The Crown,4,2026-05-23
173,Neda911,Dune: Messiah,1,2026-05-23
174,Neda911,The Godfather,5,2026-05-23
175,Neda911,Sherlock,5,2026-05-23
176,Neda911,Dark,5,2026-05-23
177,Neda911,1917,4,2026-05-23
178,Neda911,The Lord of the Rings: The Return of the King,3,2026-05-23
179,Neda911,Spirited Away,2,2026-05-23
180,Neda911,Joker,4,2026-05-23
181,Neda911,Parasite,3,2026-05-23
182,Neda911,The Boys,2,2026-05-23
183,Neda911,Better Call Saul,1,2026-05-23
184,Neda911,Fargo,1,2026-05-23
185,Neda911,Mickey 17,5,2026-05-23
186,Neda911,Avatar: The Last Airbender,3,2026-05-23
187,Neda911,The Shawshank Redemption,1,2026-05-23
188,Hossein94,Oppenheimer,2,2026-05-23
189,Hossein94,The Intouchables,3,2026-05-23
190,Hossein94,Spider-Man: Beyond the Spider-Verse,2,2026-05-23
191,Hossein94,Mickey 17,5,2026-05-23
192,Hossein94,The Odyssey,4,2026-05-23
193,Hossein94,Inside Out 2,3,2026-05-23
194,Hossein94,Fight Club,1,2026-05-23
195,Hossein94,The Batman 2,5,2026-05-23
196,Hossein94,Whiplash,2,2026-05-23
197,Hossein94,Parasite,3,2026-05-23
198,Hossein94,Spider-Man: Across the Spider-Verse,2,2026-05-23
199,Hossein94,Avatar: The Last Airbender,2,2026-05-23
200,Hossein94,Pulp Fiction,4,2026-05-23
201,Hossein94,Gladiator,1,2026-05-23
202,Hossein94,Band of Brothers,2,2026-05-23
203,Hossein94,The Crown,5,2026-05-23
204,Hossein94,The Silence of the Lambs,2,2026-05-23
205,Hossein94,Seven Samurai,5,2026-05-23
206,Hossein94,Peaky Blinders,4,2026-05-23
207,Hossein94,Dark,4,2026-05-23
208,Hossein94,Joker: Folie à Deux,3,2026-05-23
209,Hossein94,Forrest Gump,2,2026-05-23
210,Hossein94,Goodfellas,3,2026-05-23
211,Hossein94,3 Idiots,1,2026-05-23
212,Hossein94,The Dark Knight,2,2026-05-23
213,Hossein94,The Boys,4,2026-05-23
214,Hossein94,House of the Dragon,3,2026-05-23
215,Hossein94,Dune: Messiah,4,2026-05-23
216,Hossein94,1917,3,2026-05-23
217,Hossein94,Deadpool 3,4,2026-05-23
218,Zahra47,Chernobyl,4,2026-05-23
219,Zahra47,Gladiator 2,4,2026-05-23
220,Zahra47,The Boys,1,2026-05-23
221,Zahra47,Superman,4,2026-05-23
222,Zahra47,28 Years Later: The Bone Temple 2026,5,2026-05-23
223,Zahra47,Inception,5,2026-05-23
224,Zahra47,Goodfellas,2,2026-05-23
225,Zahra47,Saving Private Ryan,1,2026-05-23
226,Zahra47,The Silence of the Lambs,2,2026-05-23
227,Zahra47,Avatar: The Last Airbender,2,2026-05-23
228,Zahra47,Barbie,5,2026-05-23
229,Zahra47,The Father,5,2026-05-23
230,Zahra47,Joker: Folie à Deux,3,2026-05-23
231,Zahra47,Pulp Fiction,1,2026-05-23
232,Zahra47,Mickey 17,4,2026-05-23
233,Zahra47,Your Name (Kimi no Na wa),4,2026-05-23
234,Zahra47,The Mandalorian,4,2026-05-23
235,Zahra47,Spider-Man: Across the Spider-Verse,2,2026-05-23
236,Zahra47,Whiplash,2,2026-05-23
237,Zahra47,Fight Club,4,2026-05-23
238,Zahra47,Interstellar,1,2026-05-23
239,Zahra47,Game of Thrones,4,2026-05-23
240,Zahra47,The Prestige,2,2026-05-23
241,Zahra47,Succession,2,2026-05-23
242,Zahra47,Black Mirror,2,2026-05-23
243,Zahra47,Forrest Gump,1,2026-05-23
244,Zahra47,Coco,5,2026-05-23
245,Zahra47,Dark,1,2026-05-23
246,Zahra47,Gladiator,1,2026-05-23
247,Zahra47,House of the Dragon,3,2026-05-23
248,Zahra47,The Godfather,1,2026-05-23
249,Mahdi175,28 Years Later: The Bone Temple 2026,4,2026-05-23
250,Mahdi175,Inside Out 2,4,2026-05-23
251,Mahdi175,Chernobyl,2,2026-05-23
252,Mahdi175,Fargo,5,2026-05-23
253,Mahdi175,Schindler's List,4,2026-05-23
254,Mahdi175,1917,4,2026-05-23
255,Mahdi175,Peaky Blinders,4,2026-05-23
256,Mahdi175,Joker: Folie à Deux,5,2026-05-23
257,Mahdi175,The Last of Us,4,2026-05-23
258,Mahdi175,City of God,5,2026-05-23
259,Mahdi175,Oppenheimer,5,2026-05-23
260,Mahdi175,Forrest Gump,3,2026-05-23
261,Mahdi175,Black Mirror,5,2026-05-23
262,Mahdi175,Barbie,3,2026-05-23
263,Mahdi175,The Crown,4,2026-05-23
264,Mahdi175,Game of Thrones,2,2026-05-23
265,Mahdi175,Goodfellas,2,2026-05-23
266,Mahdi175,Dune: Messiah,5,2026-05-23
267,Mahdi175,Mickey 17,3,2026-05-23
268,Mahdi175,Pulp Fiction,5,2026-05-23
269,Mahdi175,Dark,5,2026-05-23
270,Mahdi175,Coco,3,2026-05-23
271,Mahdi175,The Mandalorian,5,2026-05-23
272,Mahdi175,Saving Private Ryan,1,2026-05-23
273,Mahdi175,Seven Samurai,4,2026-05-23
274,Mahdi175,The Sopranos,1,2026-05-23
275,Mahdi175,Joker,3,2026-05-23
276,Mahdi175,Whiplash,2,2026-05-23
277,Mahdi175,The Prestige,2,2026-05-23
278,Mahdi175,Fight Club,2,2026-05-23
279,Mahdi175,Spider-Man: Beyond the Spider-Verse,5,2026-05-23
280,Mahdi175,The Father,3,2026-05-23
281,Mahdi175,Your Name (Kimi no Na wa),4,2026-05-23
282,Mahdi175,3 Idiots,4,2026-05-23
283,Fatemeh779,The Sopranos,3,2026-05-23
284,Fatemeh779,Chernobyl,3,2026-05-23
285,Fatemeh779,The Father,2,2026-05-23
286,Fatemeh779,Cinema Paradiso,5,2026-05-23
287,Fatemeh779,The Mandalorian,1,2026-05-23
288,Fatemeh779,Joker: Folie à Deux,4,2026-05-23
289,Fatemeh779,Pulp Fiction,2,2026-05-23
290,Fatemeh779,The Prestige,5,2026-05-23
291,Fatemeh779,3 Idiots,3,2026-05-23
292,Fatemeh779,Band of Brothers,1,2026-05-23
293,Fatemeh779,Fargo,3,2026-05-23
294,Fatemeh779,Gladiator,5,2026-05-23
295,Fatemeh779,City of God,5,2026-05-23
296,Fatemeh779,Dune: Messiah,3,2026-05-23
297,Fatemeh779,Superman,2,2026-05-23
298,Fatemeh779,Come and See,3,2026-05-23
299,Fatemeh779,The Lord of the Rings: The Return of the King,2,2026-05-23
300,Fatemeh779,Seven Samurai,3,2026-05-23
301,Fatemeh779,Black Mirror,3,2026-05-23
302,Fatemeh779,Better Call Saul,2,2026-05-23
303,Fatemeh779,Succession,3,2026-05-23
304,Fatemeh779,Deadpool 3,1,2026-05-23
305,Fatemeh779,Dune: Part Two,1,2026-05-23
306,Fatemeh779,The Green Mile,4,2026-05-23
307,Fatemeh779,Dark,2,2026-05-23
308,Fatemeh779,Oppenheimer,5,2026-05-23
309,Fatemeh779,The Intouchables,4,2026-05-23
310,Fatemeh779,Gladiator 2,4,2026-05-23
311,Fatemeh779,Barbie,3,2026-05-23
312,Fatemeh779,Goodfellas,5,2026-05-23
313,Fatemeh779,1917,4,2026-05-23
314,Fatemeh779,The Odyssey,4,2026-05-23
315,Fatemeh779,Whiplash,3,2026-05-23
316,Amir456,The Lord of the Rings: The Return of the King,2,2026-05-23
317,Amir456,Breaking Bad,5,2026-05-23
318,Amir456,City of God,5,2026-05-23
319,Amir456,Joker,3,2026-05-23
320,Amir456,Barbie,4,2026-05-23
321,Amir456,Oppenheimer,4,2026-05-23
322,Amir456,Dark,2,2026-05-23
323,Amir456,The Odyssey,1,2026-05-23
324,Amir456,House of the Dragon,1,2026-05-23
325,Amir456,Sherlock,3,2026-05-23
326,Amir456,The Silence of the Lambs,4,2026-05-23
327,Amir456,Gladiator,5,2026-05-23
328,Amir456,Goodfellas,1,2026-05-23
329,Amir456,Mickey 17,2,2026-05-23
330,Amir456,Better Call Saul,4,2026-05-23
331,Amir456,Spirited Away,3,2026-05-23
332,Amir456,Inception,5,2026-05-23
333,Amir456,1917,2,2026-05-23
334,Amir456,Fight Club,3,2026-05-23
335,Amir456,The Wire,2,2026-05-23
336,Amir456,The Last of Us,5,2026-05-23
337,Amir456,Come and See,2,2026-05-23
338,Amir456,Inside Out 2,1,2026-05-23
339,Amir456,Avatar: The Last Airbender,3,2026-05-23
340,Amir456,The Sopranos,2,2026-05-23
341,Amir456,Succession,1,2026-05-23
342,Amir456,Peaky Blinders,1,2026-05-23
343,Amir456,Dune: Part Two,1,2026-05-23
344,Amir456,3 Idiots,4,2026-05-23
345,Amir456,Dune: Messiah,3,2026-05-23
346,Amir456,The Crown,1,2026-05-23
347,Amir456,Your Name (Kimi no Na wa),5,2026-05-23
348,Amir456,Seven Samurai,5,2026-05-23
349,Amir456,Schindler's List,1,2026-05-23
350,Amir456,The Boys,2,2026-05-23
351,Amir456,Cinema Paradiso,1,2026-05-23
352,Amir456,The Shawshank Redemption,5,2026-05-23
353,Amir456,Superman,2,2026-05-23
354,Amir456,Pulp Fiction,3,2026-05-23
355,Amir456,Saving Private Ryan,5,2026-05-23
356,Maryam881,Come and See,5,2026-05-23
357,Maryam881,Fight Club,3,2026-05-23
358,Maryam881,Inside Out 2,2,2026-05-23
359,Maryam881,Spirited Away,2,2026-05-23
360,Maryam881,The Prestige,1,2026-05-23
361,Maryam881,Your Name (Kimi no Na wa),1,2026-05-23
362,Maryam881,Joker,5,2026-05-23
363,Maryam881,City of God,1,2026-05-23
364,Maryam881,Saving Private Ryan,4,2026-05-23
365,Maryam881,Dark,4,2026-05-23
366,Maryam881,Peaky Blinders,3,2026-05-23
367,Maryam881,Forrest Gump,3,2026-05-23
368,Maryam881,Inception,1,2026-05-23
369,Maryam881,Better Call Saul,1,2026-05-23
370,Maryam881,The Shawshank Redemption,3,2026-05-23
371,Maryam881,1917,3,2026-05-23
372,Maryam881,Coco,1,2026-05-23
373,Maryam881,Goodfellas,3,2026-05-23
374,Maryam881,The Odyssey,1,2026-05-23
375,Maryam881,Barbie,2,2026-05-23
376,Maryam881,Fargo,2,2026-05-23
377,Maryam881,Black Mirror,2,2026-05-23
378,Maryam881,Succession,4,2026-05-23
379,Maryam881,Gladiator,3,2026-05-23
380,Maryam881,Mickey 17,4,2026-05-23
381,Maryam881,The Silence of the Lambs,3,2026-05-23
382,Maryam881,Whiplash,1,2026-05-23
383,Maryam881,Schindler's List,2,2026-05-23
384,Maryam881,Avatar: The Last Airbender,3,2026-05-23
385,Saman76,Your Name (Kimi no Na wa),3,2026-05-23
386,Saman76,Sherlock,3,2026-05-23
387,Saman76,Gladiator 2,5,2026-05-23
388,Saman76,The Intouchables,1,2026-05-23
389,Saman76,Cinema Paradiso,2,2026-05-23
390,Saman76,The Mandalorian,3,2026-05-23
391,Saman76,Whiplash,4,2026-05-23
392,Saman76,The Prestige,4,2026-05-23
393,Saman76,The Boys,2,2026-05-23
394,Saman76,Barbie,2,2026-05-23
395,Saman76,Fargo,2,2026-05-23
396,Saman76,Band of Brothers,1,2026-05-23
397,Saman76,The Godfather,5,2026-05-23
398,Saman76,Joker: Folie à Deux,3,2026-05-23
399,Saman76,The Batman 2,1,2026-05-23
400,Saman76,Goodfellas,5,2026-05-23
401,Saman76,Spider-Man: Beyond the Spider-Verse,1,2026-05-23
402,Saman76,Gladiator,2,2026-05-23
403,Saman76,Oppenheimer,4,2026-05-23
404,Saman76,3 Idiots,1,2026-05-23
405,Saman76,The Dark Knight,2,2026-05-23
406,Saman76,The Sopranos,5,2026-05-23
407,Saman76,The Green Mile,3,2026-05-23
408,Saman76,Black Mirror,5,2026-05-23
409,Tara392,Come and See,2,2026-05-23
410,Tara392,The Boys,5,2026-05-23
411,Tara392,Your Name (Kimi no Na wa),4,2026-05-23
412,Tara392,Avatar: The Last Airbender,3,2026-05-23
413,Tara392,The Last of Us,1,2026-05-23
414,Tara392,Inception,1,2026-05-23
415,Tara392,The Father,2,2026-05-23
416,Tara392,Black Mirror,3,2026-05-23
417,Tara392,Mickey 17,4,2026-05-23
418,Tara392,Dune: Part Two,1,2026-05-23
419,Tara392,Schindler's List,1,2026-05-23
420,Tara392,Pulp Fiction,1,2026-05-23
421,Tara392,The Silence of the Lambs,1,2026-05-23
422,Tara392,Game of Thrones,2,2026-05-23
423,Tara392,Breaking Bad,1,2026-05-23
424,Tara392,Fargo,4,2026-05-23
425,Tara392,Gladiator,1,2026-05-23
426,Tara392,Seven Samurai,2,2026-05-23
427,Tara392,Whiplash,2,2026-05-23
428,Tara392,3 Idiots,1,2026-05-23
429,Tara392,Deadpool 3,5,2026-05-23
430,Tara392,Interstellar,1,2026-05-23
431,Tara392,Cinema Paradiso,5,2026-05-23
432,Tara392,Chernobyl,2,2026-05-23
433,Tara392,Inside Out 2,3,2026-05-23
434,Kaveh21,Peaky Blinders,1,2026-05-23
435,Kaveh21,Saving Private Ryan,5,2026-05-23
436,Kaveh21,The Intouchables,5,2026-05-23
437,Kaveh21,Joker: Folie à Deux,5,2026-05-23
438,Kaveh21,Spirited Away,4,2026-05-23
439,Kaveh21,Your Name (Kimi no Na wa),1,2026-05-23
440,Kaveh21,City of God,4,2026-05-23
441,Kaveh21,Gladiator,5,2026-05-23
442,Kaveh21,Stranger Things,4,2026-05-23
443,Kaveh21,The Father,4,2026-05-23
444,Kaveh21,Cinema Paradiso,3,2026-05-23
445,Kaveh21,Breaking Bad,3,2026-05-23
446,Kaveh21,Spider-Man: Beyond the Spider-Verse,5,2026-05-23
447,Kaveh21,Mickey 17,3,2026-05-23
448,Kaveh21,Superman,4,2026-05-23
449,Kaveh21,Schindler's List,3,2026-05-23
450,Kaveh21,The Batman 2,1,2026-05-23
451,Kaveh21,Dark,5,2026-05-23
452,Kaveh21,Black Mirror,1,2026-05-23
453,Kaveh21,The Last of Us,5,2026-05-23
454,Kaveh21,Parasite,1,2026-05-23
455,Kaveh21,Whiplash,3,2026-05-23
456,Kaveh21,The Mandalorian,1,2026-05-23
457,Kaveh21,Pulp Fiction,3,2026-05-23
458,Kaveh21,Better Call Saul,5,2026-05-23
459,Kaveh21,Inception,1,2026-05-23
460,Kaveh21,Succession,1,2026-05-23
461,Kaveh21,Seven Samurai,1,2026-05-23
462,Leyla445,Spider-Man: Across the Spider-Verse,1,2026-05-23
463,Leyla445,The Batman 2,5,2026-05-23
464,Leyla445,The Silence of the Lambs,3,2026-05-23
465,Leyla445,Fight Club,4,2026-05-23
466,Leyla445,The Sopranos,2,2026-05-23
467,Leyla445,Better Call Saul,4,2026-05-23
468,Leyla445,Fargo,5,2026-05-23
469,Leyla445,Parasite,4,2026-05-23
470,Leyla445,Avatar: The Last Airbender,2,2026-05-23
471,Leyla445,Spirited Away,4,2026-05-23
472,Leyla445,Black Mirror,4,2026-05-23
473,Leyla445,The Odyssey,5,2026-05-23
474,Leyla445,Peaky Blinders,1,2026-05-23
475,Leyla445,Forrest Gump,3,2026-05-23
476,Leyla445,Come and See,4,2026-05-23
477,Leyla445,Oppenheimer,2,2026-05-23
478,Leyla445,The Lord of the Rings: The Return of the King,3,2026-05-23
479,Leyla445,Cinema Paradiso,3,2026-05-23
480,Leyla445,The Prestige,2,2026-05-23
481,Leyla445,3 Idiots,5,2026-05-23
482,Leyla445,Spider-Man: Beyond the Spider-Verse,4,2026-05-23
483,Leyla445,The Crown,2,2026-05-23
484,Leyla445,Joker,5,2026-05-23
485,Leyla445,Barbie,5,2026-05-23
486,Leyla445,Schindler's List,2,2026-05-23
487,Leyla445,Stranger Things,2,2026-05-23
488,Leyla445,The Matrix,5,2026-05-23
489,Leyla445,Coco,1,2026-05-23
490,Leyla445,Seven Samurai,4,2026-05-23
491,Arman629,Inception,1,2026-05-23
492,Arman629,Whiplash,3,2026-05-23
493,Arman629,The Lord of the Rings: The Return of the King,3,2026-05-23
494,Arman629,Fight Club,5,2026-05-23
495,Arman629,Chernobyl,3,2026-05-23
496,Arman629,Spider-Man: Across the Spider-Verse,2,2026-05-23
497,Arman629,The Sopranos,2,2026-05-23
498,Arman629,Pulp Fiction,3,2026-05-23
499,Arman629,Schindler's List,1,2026-05-23
500,Arman629,House of the Dragon,4,2026-05-23
501,Arman629,Coco,3,2026-05-23
502,Arman629,The Godfather,1,2026-05-23
503,Arman629,Your Name (Kimi no Na wa),3,2026-05-23
504,Arman629,Breaking Bad,5,2026-05-23
505,Arman629,Cinema Paradiso,5,2026-05-23
506,Arman629,Joker,3,2026-05-23
507,Arman629,Avatar: The Last Airbender,5,2026-05-23
508,Arman629,28 Years Later: The Bone Temple 2026,5,2026-05-23
509,Arman629,Oppenheimer,3,2026-05-23
510,Arman629,Deadpool 3,5,2026-05-23
511,Arman629,The Green Mile,4,2026-05-23
512,Niloofar373,Cinema Paradiso,2,2026-05-23
513,Niloofar373,Band of Brothers,4,2026-05-23
514,Niloofar373,The Last of Us,5,2026-05-23
515,Niloofar373,Parasite,4,2026-05-23
516,Niloofar373,1917,5,2026-05-23
517,Niloofar373,Deadpool 3,3,2026-05-23
518,Niloofar373,3 Idiots,2,2026-05-23
519,Niloofar373,The Shawshank Redemption,4,2026-05-23
520,Niloofar373,Breaking Bad,4,2026-05-23
521,Niloofar373,Peaky Blinders,5,2026-05-23
522,Niloofar373,Spider-Man: Beyond the Spider-Verse,5,2026-05-23
523,Niloofar373,Dune: Part Two,3,2026-05-23
524,Niloofar373,Dune: Messiah,2,2026-05-23
525,Niloofar373,House of the Dragon,5,2026-05-23
526,Niloofar373,Avatar: The Last Airbender,3,2026-05-23
527,Niloofar373,Saving Private Ryan,1,2026-05-23
528,Niloofar373,Come and See,2,2026-05-23
529,Niloofar373,The Crown,4,2026-05-23
530,Niloofar373,The Batman 2,2,2026-05-23
531,Niloofar373,Interstellar,4,2026-05-23
532,Niloofar373,The Father,2,2026-05-23
533,Niloofar373,Game of Thrones,5,2026-05-23
534,Niloofar373,Chernobyl,1,2026-05-23
535,Niloofar373,The Odyssey,5,2026-05-23
536,Niloofar373,Dark,2,2026-05-23
537,Niloofar373,The Intouchables,4,2026-05-23
538,Niloofar373,The Lord of the Rings: The Return of the King,3,2026-05-23
539,Niloofar373,The Silence of the Lambs,4,2026-05-23
540,Niloofar373,The Mandalorian,1,2026-05-23
541,Niloofar373,Your Name (Kimi no Na wa),4,2026-05-23
542,Niloofar373,Better Call Saul,2,2026-05-23
543,Niloofar373,The Sopranos,4,2026-05-23
544,Niloofar373,Joker,5,2026-05-23
545,Niloofar373,Gladiator 2,4,2026-05-23
546,Niloofar373,Black Mirror,3,2026-05-23
547,Niloofar373,Coco,2,2026-05-23
548,Niloofar373,The Matrix,1,2026-05-23
549,Niloofar373,Gladiator,1,2026-05-23
550,Pouria534,Superman,5,2026-05-23
551,Pouria534,Joker,5,2026-05-23
552,Pouria534,Mickey 17,1,2026-05-23
553,Pouria534,Oppenheimer,4,2026-05-23
554,Pouria534,Cinema Paradiso,5,2026-05-23
555,Pouria534,Whiplash,4,2026-05-23
556,Pouria534,Goodfellas,1,2026-05-23
557,Pouria534,The Green Mile,4,2026-05-23
558,Pouria534,Pulp Fiction,3,2026-05-23
559,Pouria534,Coco,3,2026-05-23
560,Pouria534,Dark,5,2026-05-23
561,Pouria534,3 Idiots,3,2026-05-23
562,Pouria534,Sherlock,4,2026-05-23
563,Pouria534,Chernobyl,2,2026-05-23
564,Pouria534,City of God,2,2026-05-23
565,Pouria534,The Lord of the Rings: The Return of the King,5,2026-05-23
566,Pouria534,The Matrix,2,2026-05-23
567,Pouria534,The Mandalorian,5,2026-05-23
568,Pouria534,The Batman 2,5,2026-05-23
569,Pouria534,Succession,5,2026-05-23
570,Elham952,Inside Out 2,5,2026-05-23
571,Elham952,The Intouchables,5,2026-05-23
572,Elham952,3 Idiots,2,2026-05-23
573,Elham952,Come and See,3,2026-05-23
574,Elham952,Sherlock,5,2026-05-23
575,Elham952,Mickey 17,5,2026-05-23
576,Elham952,The Godfather,3,2026-05-23
577,Elham952,Interstellar,5,2026-05-23
578,Elham952,Dune: Messiah,3,2026-05-23
579,Elham952,Spirited Away,4,2026-05-23
580,Elham952,1917,3,2026-05-23
581,Elham952,The Sopranos,1,2026-05-23
582,Elham952,Black Mirror,3,2026-05-23
583,Elham952,Dune: Part Two,5,2026-05-23
584,Elham952,Saving Private Ryan,2,2026-05-23
585,Elham952,Better Call Saul,1,2026-05-23
586,Elham952,Gladiator 2,3,2026-05-23
587,Elham952,City of God,4,2026-05-23
588,Elham952,Succession,1,2026-05-23
589,Elham952,The Dark Knight,4,2026-05-23
590,Elham952,Fight Club,2,2026-05-23
591,Elham952,The Silence of the Lambs,1,2026-05-23
592,Elham952,Dark,1,2026-05-23
593,Behnam387,28 Years Later: The Bone Temple 2026,3,2026-05-23
594,Behnam387,Barbie,5,2026-05-23
595,Behnam387,Spider-Man: Beyond the Spider-Verse,5,2026-05-23
596,Behnam387,Inside Out 2,5,2026-05-23
597,Behnam387,Oppenheimer,4,2026-05-23
598,Behnam387,Dune: Part Two,2,2026-05-23
599,Behnam387,Game of Thrones,3,2026-05-23
600,Behnam387,City of God,4,2026-05-23
601,Behnam387,Joker,2,2026-05-23
602,Behnam387,Pulp Fiction,5,2026-05-23
603,Behnam387,Stranger Things,1,2026-05-23
604,Behnam387,The Last of Us,1,2026-05-23
605,Behnam387,The Mandalorian,4,2026-05-23
606,Behnam387,The Prestige,1,2026-05-23
607,Behnam387,Avatar: The Last Airbender,2,2026-05-23
608,Behnam387,Schindler's List,2,2026-05-23
609,Behnam387,The Father,4,2026-05-23
610,Behnam387,Come and See,2,2026-05-23
611,Behnam387,The Boys,2,2026-05-23
612,Behnam387,Interstellar,2,2026-05-23
613,Behnam387,Sherlock,2,2026-05-23
614,Behnam387,House of the Dragon,2,2026-05-23
615,Behnam387,Goodfellas,5,2026-05-23
616,Behnam387,Succession,2,2026-05-23
617,Behnam387,Gladiator 2,1,2026-05-23
618,Behnam387,Band of Brothers,5,2026-05-23
619,Behnam387,The Silence of the Lambs,3,2026-05-23
